"stn","lon_o","lat_o","ele","law_id","sido","lon_l","lat_l","dist","dii","yii","xii"
10,126.5329,33.361,1909,5011013900,50,126.529,33.3566,0.00587962583843432,44840,75,292
12,126.3167,36.5333,60,4482525321,44,126.315,36.5307,0.00310644491339652,183888,306,278
13,126.2,33.2833,51.9,5011031023,50,126.202,33.2895,0.00651459898995927,41810,70,272
18,128.1990417,36.12941389,134,4715012000,47,128.191,36.1346,0.00956894329705095,167744,279,388
30,126.986532,38.116577,45,4180037022,41,126.992,38.1165,0.00546854212748539,253156,421,316
31,126.812115,37.83958,71,4148025322,41,126.812,37.8411,0.00152434412125338,241106,401,306
32,126.229158,37.77554,27,2871040028,28,126.234,37.7748,0.00489822049319611,238063,396,273
87,131.86983,37.23952,96.15,4794025027,47,131.864,37.2445,0.00766741807912346,222735,370,597
88,125.55951,36.62542,103.56,4482533029,44,125.559,36.6268,0.00147122398023495,188058,313,234
90,128.56473,38.25085,17.53,4282033035,42,128.565,38.2553,0.0044581834865769,260469,433,405
92,128.6667,38.0667,75.4,4283032021,42,128.663,38.0726,0.00696419413858522,252649,420,411
93,127.75443,37.94738,95.78,4211025024,42,127.762,37.9536,0.00979761705722394,246578,410,360
95,127.3042,38.14787,155.48,4278025624,42,127.31,38.1544,0.00873389374793146,254980,424,334
96,131.86983,37.23952,96.15,4794025027,47,131.864,37.2445,0.00766741807912346,222735,370,597
98,127.0607,37.90188,115.62,4125010300,41,127.059,37.908,0.00635172417537418,244130,406,320
99,126.76648,37.88589,30.59,4148025025,41,126.76,37.883,0.00709524488653886,242909,404,303
100,128.71834,37.67713,772.43,4276038024,42,128.717,37.6833,0.00631383401746136,235797,392,415
101,127.7357,37.90262,75.82,4211011800,42,127.743,37.8986,0.00833369065900499,244169,406,359
102,124.71241,37.97396,36,2872033021,28,124.706,37.9745,0.00643270549613711,247006,411,186
104,128.85535,37.80456,75.24,4215036027,42,128.862,37.8039,0.00668267162144793,241223,401,423
105,128.89099,37.75147,27.12,4215010700,42,128.895,37.7476,0.00557288076313966,238817,397,425
106,129.12433,37.50709,40.46,4217010400,42,129.128,37.5052,0.00412807461172662,228597,380,439
108,126.9658,37.57142,85.67,1111017800,11,126.966,37.5768,0.00538371618865131,229677,382,315
110,126.7756,37.5683,11.38,1150010800,11,126.774,37.5646,0.00403112887414966,229064,381,304
112,126.6249,37.47772,68.99,2811013700,28,126.616,37.4827,0.010198548916389,225443,375,295
113,126.4392,37.4625,7.1,2811014700,28,126.442,37.4559,0.00716937933157034,224229,373,285
114,127.94659,37.33749,150.11,4213010600,42,127.954,37.3411,0.00824258454611532,220102,366,372
115,130.89864,37.48129,222.8,4794025024,47,130.907,37.4759,0.00994694425440077,230505,383,541
116,126.96402,37.44526,624.82,4129010700,41,126.964,37.4384,0.00686002915445311,223657,372,315
119,126.983,37.25746,39.81,4111312800,41,126.979,37.2585,0.0041329892329924,215832,359,316
121,128.45743,37.18126,240.85,4275025022,42,128.453,37.178,0.00550022726802237,213509,355,401
127,127.9525,36.97045,114.85,4313012200,43,127.96,36.9677,0.00798827265432845,203849,339,373
128,127.5,36.71666667,58,4311425040,43,127.504,36.7131,0.00535921028594463,192385,320,347
129,126.4939,36.77658,25.25,4421010600,44,126.489,36.7785,0.00526273693052547,194734,324,288
130,129.41278,36.99176,48.98,4793025023,47,129.415,36.9978,0.00643506021727523,206943,344,457
131,127.44066,36.63924,57.16,4311311400,43,127.434,36.6451,0.00887103150709858,189371,315,343
133,127.37211,36.37198,70.22,3020012400,30,127.376,36.3699,0.00441117898072444,177328,295,340
135,127.99458,36.22025,244.98,4374033521,43,127.989,36.2216,0.00574098423616961,171344,285,376
136,128.70733,36.57293,141.26,4717012900,47,128.705,36.5773,0.0049523529761131,187639,312,417
137,128.15741,36.40837,96.58,4725011000,47,128.149,36.4114,0.00893918340789462,179781,299,385
138,129.38002,36.03201,3.94,4711110400,47,129.381,36.0321,0.000984123975928309,164804,274,458
139,129.4167,35.9833,21,4711132021,47,129.413,35.9897,0.00739256383130023,163000,271,460
140,126.76135,36.0053,23.2,4513013800,45,126.755,36.0043,0.00642825792886108,161038,268,304
142,128.6611111,35.89083333,35.4,2714010800,27,128.659,35.8887,0.00300130639870871,157538,262,416
143,128.65296,35.87797,54.27,2714010300,27,128.658,35.875,0.00584999999998136,156936,261,416
146,127.119,35.8408,61.4,4511310600,45,127.127,35.8354,0.00965194280960816,153836,256,326
151,129.3522222,35.59333333,12.6,3120012600,31,129.358,35.5918,0.0059777984014979,145540,242,458
152,129.3347222,35.5825,83.2,3111011400,31,129.341,35.5786,0.00739058677239317,144937,241,457
153,128.9344444,35.16916667,4,2644010200,26,128.933,35.1649,0.00450452708382239,126252,210,434
155,128.57285,35.1702,37.6,4812510100,48,128.58,35.1748,0.00850191154978177,126231,210,413
156,126.89158,35.17294,72.38,2917010900,29,126.897,35.1772,0.00689376529916908,124927,208,313
158,126.8116667,35.125,12.8,2920010400,29,126.813,35.123,0.0024036823604642,122514,204,308
159,129.03203,35.10468,69.56,2611011600,26,129.031,35.1069,0.0024473046397979,123850,206,440
160,128.99996,35.11881,518.46,2614010600,26,128.998,35.1217,0.00349194788047456,124450,207,438
161,128.0666667,35.08333333,8,4824025028,48,128.072,35.0769,0.00835654376993205,121385,202,383
162,128.4356,34.84546,32.3,4822010900,48,128.433,34.8487,0.00415422676318871,111775,186,405
163,126.3830556,34.99138888,10.9,4684035023,46,126.375,34.9882,0.00866381249880875,116468,194,282
165,126.38151,34.81732,44.7,4611010300,46,126.374,34.8233,0.00960002604164022,109244,182,282
167,127.6125,34.84666667,17.9,4613032028,46,127.613,34.8519,0.00525716110547632,111124,185,356
168,127.74064,34.73929,64.64,4613010500,46,127.744,34.7398,0.00339848495656673,106316,177,364
169,125.45103,34.68719,76.49,4691036022,46,125.455,34.6852,0.00444083325514034,103169,172,227
170,126.70184,34.39587,35.24,4689031022,46,126.704,34.3961,0.00217221085531569,90602,151,302
172,126.599,35.3489,52,4579038025,45,126.596,35.3445,0.00532541078228107,132133,220,295
174,127.3694,35.0204,165,4615025025,46,127.365,35.0206,0.00440454310911298,118333,197,341
175,126.3238,34.47211,478.51,4690033021,46,126.322,34.4667,0.00570158749823113,93589,156,279
177,126.68772,36.65759,27.74,4480025625,44,126.694,36.653,0.00777859241765829,189328,315,300
182,126.5,33.51666667,26.5,5011010900,50,126.498,33.5208,0.00459177709486179,52062,87,290
184,126.52969,33.51411,20.79,5011010700,50,126.531,33.5207,0.00671894336930685,52064,87,292
185,126.16283,33.29382,71.39,5011031023,50,126.169,33.2896,0.00747511203928999,41808,70,270
188,126.8802,33.38677,20.34,5013025927,50,126.873,33.3814,0.00898203206406849,46065,77,313
189,126.5653,33.24616,51.86,5013010100,50,126.561,33.2471,0.004401545183215,40026,67,294
192,128.04002,35.16379,30.21,4817012600,48,128.041,35.1601,0.0038179182809469,124995,208,381
201,126.44634,37.70739,47.84,2871032027,28,126.443,37.7049,0.004166017282733,235065,391,285
202,127.49446,37.48863,47.26,4183025021,41,127.488,37.4874,0.00657605504843538,226095,376,345
203,127.48421,37.26399,80.09,4150025328,41,127.483,37.2662,0.00251956345425002,216463,360,345
211,128.16714,38.05986,201.78,4281025022,42,128.17,38.0566,0.00433672687634041,251417,418,383
212,127.88043,37.6836,140.2,4272025029,42,127.877,37.6885,0.00598121225171388,235147,391,367
216,128.98929,37.17038,714.45,4219010100,42,128.99,37.1635,0.00691653815141872,213540,355,432
217,128.6459,37.38149,307.58,4277025022,42,128.652,37.3805,0.00617981391303166,222550,370,412
221,128.19433,37.15928,264.62,4315011200,43,128.191,37.1564,0.00440264693111572,212290,353,386
226,127.73415,36.48761,171.31,4372025030,43,127.74,36.4884,0.00590310088004158,182767,304,361
229,125.55951,36.62542,103.56,4482533029,44,125.559,36.6268,0.00147122398023495,188058,313,234
232,127.2927,36.7624,81.5,4413136022,44,127.299,36.7574,0.00804300938704873,194179,323,335
235,126.55744,36.32724,9.98,4418010900,44,126.554,36.3227,0.00569606881981216,174872,291,292
236,126.92079,36.27242,13.42,4476025033,44,126.913,36.2787,0.0100061231253692,173087,288,313
238,127.48175,36.10563,172.69,4471025025,44,127.49,36.1062,0.0082696674660976,165897,276,347
239,127.235,36.48639,94,3611010800,36,127.242,36.4821,0.00821000000000294,182136,303,332
243,126.71655,35.72954,11.96,4580033021,45,126.718,35.7291,0.00151528875136517,148996,248,302
244,127.28556,35.61203,247.04,4575025022,45,127.293,35.613,0.00750296608016074,144214,240,336
245,126.83917,35.56306,69.84,4518010800,45,126.835,35.5629,0.00417306841544888,141779,236,309
247,127.39652,35.42129,132.5,4519011600,45,127.39,35.419,0.00691046308143972,135792,226,342
248,127.52029,35.65695,406.49,4574025023,45,127.514,35.6512,0.00852212414836096,146033,243,349
251,126.697,35.4266,54.02,4579025030,45,126.698,35.4264,0.00101980390270921,135751,226,301
252,126.47779,35.283671,37.2,4687034030,46,126.478,35.2901,0.00643242885697562,129718,216,288
253,128.89301,35.22666,59.34,4825010300,48,128.885,35.2214,0.00958267707899028,128657,214,431
254,127.1286,35.3714,127,4577025026,45,127.136,35.3673,0.00845990543681541,133369,222,327
255,128.6725,35.2264,48.8,4812311100,48,128.666,35.2276,0.00660984114788162,128644,214,418
257,129.02,35.3072,14.85,4833031027,48,129.024,35.3135,0.00746257328271386,132879,221,439
258,127.2123,34.7633,2.8,4678038023,46,127.209,34.7616,0.00371214223865025,106886,178,332
259,126.7689,34.6261,12.5,4681025027,46,126.773,34.6288,0.00490917508344691,100840,168,306
260,126.91949,34.68875,45.02,4680025043,46,126.924,34.6824,0.00778861990342732,103257,172,315
261,126.56907,34.55375,16.36,4682025034,46,126.572,34.5478,0.00663229975197291,97216,162,294
262,127.27572,34.61826,51.91,4677025029,46,127.273,34.6235,0.0059038970180775,100870,168,336
263,128.2881,35.3226,14.18,4872025024,48,128.282,35.3198,0.00671192967779757,132233,220,395
264,127.7454,35.5114,151.2,4887025022,48,127.747,35.5097,0.0023345235059829,140027,233,363
266,127.69141,34.9434,86.7,4623010600,46,127.699,34.9466,0.00823699581157453,115343,192,361
268,126.2585,34.4731,5.4,4690025025,46,126.255,34.4669,0.00711969100453205,93585,156,275
271,128.91449,36.94361,324.67,4792034021,47,128.911,36.9446,0.00362769899523079,203904,339,428
272,128.51687,36.87183,211.32,4721025021,47,128.51,36.8725,0.00690259371542916,200269,333,405
273,128.14879,36.62727,173.01,4728010800,47,128.156,36.6321,0.00867830628637856,189413,315,385
276,129.04005,36.4351,208.65,4775025000,47,129.042,36.4295,0.00592979763566923,181639,302,437
277,129.40926,36.53337,40.71,4777036030,47,129.407,36.5282,0.00564238424780686,186476,310,458
278,128.68864,36.3561,81.44,4773025031,47,128.695,36.3567,0.00638823919401963,178007,296,417
279,128.32055,36.13055,49.17,4719010800,47,128.327,36.1315,0.00651958587642024,167752,279,396
281,128.9514,35.97742,96.12,4723010200,47,128.952,35.9769,0.00079397732964581,161769,269,433
283,129.2009,35.8174,40.13,4713011300,47,129.2,35.8175,0.000905538513815555,155162,258,448
284,127.909,35.6674,225.95,4888025028,48,127.904,35.672,0.00679411510058988,147260,245,372
285,128.16986,35.56503,32,4889025021,48,128.172,35.57,0.00541114590451867,143062,238,388
288,128.7441,35.49148,11.21,4827010200,48,128.744,35.4869,0.00458109157298122,140086,233,422
289,127.8791,35.41299,138.07,4886025023,48,127.88,35.4109,0.00227554389103209,135821,226,371
294,128.60453,34.88818,46.27,4831010800,48,128.602,34.8855,0.00368555287576044,113591,189,415
295,127.92641,34.81662,45.71,4884031021,48,127.93,34.8187,0.00414903603262451,109939,183,375
300,126.31534,35.85837,48.45,4513039030,45,126.312,35.8551,0.00467423790580462,154390,257,278
301,126.118,35.0859,6,4691032027,46,126.123,35.085,0.00508035431836198,120667,201,267
302,126.1592,34.6647,19,4691039021,46,126.156,34.6592,0.00636317530797374,102007,170,269
303,125.09722,34.0725,97.84,4691036032,46,125.096,34.0791,0.00671181048599843,76659,128,205
304,126.8485,34.318,21,4689032024,46,126.852,34.3126,0.00643506021727523,86999,145,311
305,126.92009,33.98622,35.38,4689035033,46,126.914,33.9831,0.00684269683677578,72555,121,315
306,127.8011,34.43185,3.04,4613034026,46,127.802,34.4368,0.00503115294937567,93076,155,368
308,126.0731,34.687,5.6,4691037027,46,126.073,34.6867,0.000316227766013854,103206,172,264
310,129.26472,37.32471,14.07,4223031030,42,129.258,37.3212,0.00758145764349169,220779,367,447
311,128.08673,35.78915,605.47,4889033034,48,128.095,35.7921,0.00878039862421746,152689,254,383
312,129.14128,36.39314,262.19,4775031034,47,129.143,36.3988,0.00591557266881304,180441,300,443
313,128.75139,34.89335,54.65,4831010100,48,128.753,34.8951,0.00237794028520537,114202,190,424
314,127.74312,35.86621,1518.32,4573032029,45,127.74,35.8678,0.00350178525898743,155678,259,362
315,127.51079,35.30673,1088.86,4673037026,46,127.506,35.3073,0.00482379518636459,130983,218,349
316,126.99743,35.11437,911.82,2911012000,29,126.997,35.1212,0.00684352248480312,122525,204,319
317,127.1142,35.7295,101.3,4571035025,45,127.108,35.7254,0.00743303437365374,149019,248,325
318,128.67045,37.64336,769.81,4276038026,42,128.663,37.6432,0.00745171792271166,233988,389,412
319,130.87084,37.53726,58.05,4794032024,47,130.876,37.5328,0.00682035189709438,232911,387,539
320,128.31372,38.33101,1262.62,4281032024,42,128.321,38.3305,0.00729784214683517,263465,438,391
321,128.19631,38.11468,253.72,4281032021,42,128.189,38.1116,0.00793237038975407,253826,422,384
322,127.66984,38.21552,263.76,4279033028,42,127.664,38.2185,0.00655637094740014,258010,429,354
323,127.553,38.27469,291.41,4278032026,42,127.56,38.2756,0.00705890218093901,260412,433,348
324,128.07446,36.91019,155.91,4315035028,43,128.079,36.91,0.00454397403163604,201448,335,380
325,128.02526,37.14449,231.26,4315036021,43,128.018,37.1462,0.00745866610058678,211678,352,376
326,127.61126,37.54553,191.01,4183040029,41,127.611,37.5408,0.00473714048768016,228510,380,352
327,127.512,36.65026,127.11,4311112200,43,127.52,36.6438,0.0102825872230671,189376,315,348
328,126.406,33.2494,63.64,5013011900,50,126.414,33.2479,0.00813941029804551,40017,67,285
329,126.56521,33.44711,378.48,5011011700,50,126.563,33.4521,0.0054574902656765,49056,82,294
330,126.64947,33.50081,144.41,5011025926,50,126.645,33.5063,0.00707961863379655,51469,86,299
351,126.9789,37.8953,135,4163032021,41,126.971,37.8951,0.00790253124004438,243523,405,315
352,126.9436,37.7156,163,4163034025,41,126.951,37.7153,0.00740607858450419,235696,392,314
353,127.0683,37.8414,88,4163011000,41,127.075,37.8386,0.0072615425358616,241121,401,321
355,127.0364,37.1136,39,4122032021,41,127.029,37.1198,0.0096540147089207,209815,349,319
356,127.0183,37.0481,32,4122033031,41,127.01,37.0509,0.00875956619929658,206804,344,318
358,126.9214,36.9672,35,4122037025,41,126.922,36.9688,0.00170880074906368,203187,338,313
359,127.1592,37.8542,114,4165010400,41,127.163,37.8515,0.00466154480831965,241728,402,326
360,127.2283,37.7861,119,4165032024,41,127.232,37.7815,0.00590338885725218,238722,397,330
361,127.2447,38.0053,85,4165036021,41,127.236,38.003,0.00899888882028355,248354,413,330
364,127.1189,37.3828,61,4113510200,41,127.12,37.3815,0.00170293863659827,221258,368,324
365,126.8953,37.4089,42,4117110200,41,126.894,37.4114,0.0028178005607193,222449,370,311
366,126.9753,37.355,114,4143010500,41,126.98,37.3553,0.00470956473572653,220046,366,316
367,126.7844,37.4061,26,4139010400,41,126.79,37.4123,0.00835463942968277,222443,370,305
368,127.1503,37.5992,49,4131010500,41,127.159,37.6024,0.00926984358013002,230892,384,326
369,126.9169,37.3642,124,4141010400,41,126.911,37.3698,0.00813449445263665,220644,367,312
370,127.25,37.1789,241,4146125627,41,127.255,37.1725,0.00812157620169543,212236,353,332
371,127.1164,37.2772,121,4146310200,41,127.118,37.2709,0.00650000000000207,216442,360,324
372,127.0267,37.8722,108,4163031022,41,127.023,37.8669,0.00646374504448077,242322,403,318
373,127.0458,37.7706,163,4163010300,41,127.039,37.7698,0.00684689710744846,238109,396,319
374,126.9706,37.0467,50.4,4122025928,41,126.976,37.0512,0.00702922470831189,206802,344,316
375,126.9875,37.7919,150,4163025022,41,126.987,37.798,0.00612045749924347,239310,398,316
400,127.081619,37.498214,28.7,1168011400,11,127.087,37.4925,0.00784888253192584,226072,376,322
401,127.02601,37.48462,33.05,1165010800,11,127.034,37.4792,0.00965486923785687,225467,375,319
402,127.14498,37.55552,56.21,1174010200,11,127.141,37.5611,0.00685396235764465,229085,381,325
403,127.0967,37.51151,58.26,1171010100,11,127.105,37.5062,0.00985322789750179,226675,377,323
404,126.82953,37.5739,80.4,1150010300,11,126.827,37.578,0.00481776919331403,229669,382,307
405,126.8782,37.52961,11.93,1147010200,11,126.878,37.536,0.00639312912430555,227866,379,310
406,127.02947,37.66612,56.65,1132010600,11,127.037,37.6591,0.0102947219486492,233293,388,319
407,127.09192,37.62186,25.3,1135010300,11,127.089,37.617,0.00566974426231251,231490,385,322
408,127.06036,37.58463,53.96,1123010400,11,127.054,37.5897,0.00813354166400132,230284,383,320
409,127.08682,37.58551,39.09,1126010100,11,127.089,37.5893,0.00437224198781329,230286,383,322
410,126.91809,37.49371,36.44,1159010900,11,126.913,37.4942,0.00511353106963271,226062,376,312
411,126.92915,37.55165,100.67,1144012300,11,126.931,37.5494,0.00291290233272259,228471,380,313
412,126.94078,37.57047,103.08,1141011400,11,126.949,37.5769,0.0104361535059585,229676,382,314
413,127.08566,37.5338,28.63,1121510500,11,127.088,37.534,0.00234853145602758,227878,379,322
414,126.99944,37.61172,128.62,1129013300,11,127.002,37.6179,0.00668924509940746,231485,385,317
415,126.97611,37.52038,31.73,1117012900,11,126.983,37.5212,0.00693862378285313,227270,378,316
416,126.94338,37.64639,57.92,1138011400,11,126.95,37.6461,0.0066263489192748,232686,387,314
417,126.90016,37.46551,45,1154510200,11,126.895,37.4667,0.00529544143580494,224857,374,311
418,126.93906,37.5249,10.66,1156011000,11,126.931,37.5217,0.00867200092250942,227267,378,313
419,126.98736,37.55236,267.05,1114014200,11,126.983,37.5489,0.00556607581693803,228474,380,316
421,127.03885,37.54721,34.73,1120011400,11,127.036,37.5484,0.00308846240060891,228477,380,319
423,126.827,37.494,56.08,1153010900,11,126.826,37.495,0.00141421356237482,226057,376,307
424,127.02576,37.63972,57.29,1130510300,11,127.02,37.6454,0.00808949936647298,232690,387,318
425,126.9855,37.46336,87.86,1162010300,11,126.982,37.4659,0.00432453465704673,224862,374,316
426,124.63047,37.9661,146,2872033024,28,124.636,37.9598,0.00838277400386492,246400,410,182
427,126.67348,37.64282,16,4157010400,41,126.67,37.6483,0.00649159456527885,232670,387,298
428,127.21284,37.55122,29,4145010800,41,127.21,37.5465,0.00550853882622471,228487,380,329
429,126.7636,37.50059,15.67,4119010800,41,126.756,37.4955,0.00914702683936012,226053,376,303
430,127.0118333,37.27183333,103,4111513600,41,127.014,37.272,0.00217310095919488,216436,360,318
431,127.0739444,37.74602778,67,4115010400,41,127.074,37.7417,0.00432813713835105,236907,394,321
432,126.9204565,37.13107,29,4159025939,41,126.925,37.1346,0.00575363296100443,210411,350,313
433,126.7665833,37.49758333,29,4119010800,41,126.773,37.4954,0.00677797674670978,226054,376,304
434,126.9589167,37.39158333,96,4117300000,41,126.964,37.3969,0.00735574053232199,221851,369,315
435,126.8211944,37.32430556,32,4127310100,41,126.823,37.329,0.00502970757336891,218833,364,307
436,127.1892778,37.23138889,123,4146110200,41,127.187,37.2286,0.00360087215436706,214640,357,328
437,126.8664722,37.47577778,68,4121010200,41,126.86,37.4809,0.00825387851669918,225457,375,309
438,126.9374722,37.35872222,97,4141010500,41,126.945,37.3556,0.00814960309268085,220044,366,314
439,127.0377778,37.20605556,66,4159011600,41,127.03,37.2027,0.00847077067058312,213427,355,319
440,127.4423889,37.275,168,4150010300,41,127.448,37.2805,0.00785712690555575,217063,361,343
441,126.7047222,37.64683333,32,4157010300,41,126.705,37.6481,0.00129677512657162,232672,387,300
442,127.2878333,37.41605556,53,4161025329,41,127.295,37.4209,0.0086504443702997,223074,371,334
443,127.2919444,37.01972222,90,4155031029,41,127.287,37.0201,0.00495881125758934,205616,342,334
444,127.2155556,37.53591667,37,4145010600,41,127.21,37.5326,0.00647031616298369,227885,379,329
445,126.9709444,37.34172222,94,4143010100,41,126.963,37.3416,0.0079453400863898,219443,365,315
446,127.0657778,37.13738889,32,4137010100,41,127.064,37.1332,0.0045505353830185,210419,350,321
447,127.6812778,37.32622222,72,4167036021,41,127.676,37.3323,0.00804950821904031,219484,365,356
448,127.4451667,37.39877778,131,4167038021,41,127.451,37.4049,0.00845629745327352,222481,370,343
449,127.4522222,37.50727778,44,4183034021,41,127.453,37.5017,0.00563174951222502,226695,377,343
450,126.8333611,37.6555,50,4128110100,41,126.828,37.661,0.00768058547312608,233281,388,307
451,127.1529722,37.61069444,34,4136026221,41,127.159,37.6162,0.00816367342277399,231494,385,326
452,127.2285286,37.9312975,109,4165034022,41,127.235,37.9337,0.00690297212872466,245344,408,330
453,126.8983333,37.44,37,4121010400,41,126.894,37.4391,0.00442577551283174,223653,372,311
454,127.0696111,37.97125,91,4125011000,41,127.078,37.9771,0.010227225587129,247141,411,321
455,127.512,37.82822222,92,4182025021,41,127.514,37.833,0.00517949628133467,241146,401,346
456,127.0778056,38.09361111,82,4180025021,41,127.08,38.0879,0.00611818345524807,251957,419,321
457,127.1941806,37.52202222,52,4145011800,41,127.192,37.519,0.00372677207357805,227282,378,328
458,127.3057806,37.47469444,48,4161034026,41,127.313,37.476,0.00733649938823346,225483,375,335
459,127.1967556,37.345475,89,4161025024,41,127.189,37.3392,0.00997621954250128,219456,365,328
460,127.4039389,37.36640278,182,4161025927,41,127.398,37.3642,0.00633425393700522,220672,367,340
461,127.3601111,37.24611111,88,4150034021,41,127.361,37.2402,0.00597757180150157,215252,358,338
462,127.4823056,37.16913889,84,4150036021,41,127.481,37.1694,0.0013314540142738,212249,353,345
463,127.5412417,37.3327,57,4167032000,41,127.537,37.3345,0.00460782149067615,219476,365,348
464,127.6625722,37.20612778,86,4167031021,41,127.655,37.2082,0.00785062472471821,214065,356,355
465,127.5451083,37.20171944,85,4167025021,41,127.551,37.196,0.00821121932502578,213457,355,349
466,127.533325,37.39278889,60,4167033021,41,127.538,37.3898,0.0055487916190832,221884,369,348
467,127.1944778,37.05979167,55,4155036021,41,127.201,37.0626,0.00710111330910861,207417,345,329
468,127.2592222,36.94306944,63,4155033021,41,127.268,36.9374,0.0104495130390721,202003,336,333
469,127.4770111,37.0906,95,4155039028,41,127.479,37.0865,0.00455694230926962,208637,347,345
470,127.2633861,37.08270833,68,4155042024,41,127.27,37.0755,0.00978282651378643,208023,346,333
471,127.0648972,37.06644167,74,4122010100,41,127.062,37.0641,0.00372520955503689,207409,345,321
472,126.8534889,36.98447778,25,4122025622,41,126.853,36.9832,0.00136811729702298,203785,339,309
473,127.1861361,37.84861389,130,4165033021,41,127.181,37.8513,0.00579609438692208,241729,402,327
474,127.27225,38.08660556,148,4165039021,41,127.273,38.0856,0.00125445243576656,251968,419,332
475,127.2511972,38.15774722,197,4165040024,41,127.257,38.1551,0.00637810799285656,254977,424,331
476,127.2904314,37.90134222,151.84,4165041021,41,127.287,37.9054,0.00531414005163646,244143,406,333
477,127.0439528,37.90553056,80,4125011200,41,127.042,37.9082,0.0033074669693865,244129,406,319
478,127.0148889,38.05586111,36,4180035021,41,127.009,38.0609,0.00775045518934663,250749,417,317
479,126.8863056,37.97905556,29,4180038021,41,126.885,37.9789,0.00131483469439526,247130,411,310
480,126.9949444,38.04469444,35,4180034024,41,126.991,38.0472,0.00467291368137024,250146,416,316
481,126.7160889,37.80241389,37,4148032027,41,126.724,37.8002,0.00821503573590032,239295,398,301
482,126.8512417,37.77626667,53,4148035027,41,126.847,37.7716,0.00630633235557421,238098,396,308
483,126.7870639,37.92596944,35,4148040021,41,126.796,37.9243,0.00909070476495613,244717,407,305
484,127.3164778,37.64657222,128,4136025628,41,127.317,37.642,0.00460194399883262,232707,387,335
485,127.4946917,37.67618889,83,4182031021,41,127.492,37.6811,0.00560037948018856,234523,390,345
486,127.4143944,37.73474722,61,4182032521,41,127.406,37.7377,0.00889858758952052,236926,394,340
487,126.5838672,37.646345,42,4157034000,41,126.583,37.6489,0.00269815878702647,232665,387,293
488,126.7411667,37.21497222,43,4159034023,41,126.735,37.2191,0.0074206978525142,214012,356,302
489,126.7109167,37.16375,25,4159035029,41,126.717,37.1639,0.00608514904418965,211603,352,301
490,127.11,38.0244444,72,4180032021,41,127.114,38.0182,0.00741569493439679,248949,414,323
491,127.0208333,38.0822222,39,4180031023,41,127.027,38.0884,0.00872888318915826,251954,419,318
492,126.8575,37.4217,36.4,4121010700,41,126.859,37.4255,0.00408533964315888,223049,371,309
493,127.00402,36.722687,54,4420031021,44,127.005,36.7194,0.00342998090373673,192356,320,318
494,127.24064,36.53152,107.8,3611011200,36,127.243,36.5373,0.00624323634023233,184544,307,332
495,127.162542,36.980625,13,4155025028,41,127.165,36.9801,0.00251344166433686,203803,339,327
496,127.26876,36.45853,27.23,3611034040,36,127.275,36.454,0.00771093379559767,180934,301,334
497,128.85147,37.57516,660.4,4215032025,42,128.852,37.5688,0.00638204512675345,230989,384,423
498,128.51447,37.87925,1018.68,4272039023,42,128.515,37.8824,0.00319427613082916,244213,406,403
499,127.02354,38.13608,53.7,4180037021,41,127.028,38.13,0.00754042439124247,253760,422,318
500,126.4201,37.6317,48,2871035027,28,126.425,37.6358,0.00638905313797999,232054,386,284
501,125.69819,37.65891,7.63,2872038021,28,125.691,37.6639,0.0087519255024201,233216,388,242
502,126.29164,37.78944,13.94,2871040025,28,126.286,37.7886,0.00570221009784718,238668,397,276
503,126.71193,37.90804,18.29,4148039024,41,126.708,37.9111,0.00498081318661544,244110,406,300
504,127.18073,37.87035,105.14,4165010300,41,127.181,37.8651,0.00525693827242052,242331,403,327
505,127.34543,37.82439,170.45,4182034521,41,127.338,37.8217,0.00790196178173479,240534,400,336
506,126.77693,37.74823,12.88,4148010100,41,126.776,37.7445,0.00384419042191905,236890,394,304
507,127.14358,38.02479,76.06,4165035025,41,127.149,38.0317,0.00878205556803066,249553,415,325
508,126.36093,37.46649,140.91,2811014900,28,126.355,37.4701,0.00694240592301555,224826,374,280
509,126.95015,37.45284,141.64,1162010200,11,126.947,37.4524,0.00318058170779288,224258,373,314
510,126.90705,37.52706,25.38,1156011700,11,126.913,37.5219,0.00787579202366002,227266,378,312
511,126.69047,37.55498,47.04,2826010500,28,126.687,37.5514,0.00498570957838963,228457,380,299
512,126.66209,37.39684,8.13,2818510500,28,126.668,37.3993,0.00640153887748854,221834,369,298
513,126.14495,37.22721,20.02,2872035022,28,126.145,37.2217,0.00551022685558511,213978,356,268
514,126.5787,37.23767,10,4127311100,41,126.579,37.234,0.00368224116537668,214605,357,293
515,126.77389,37.08453,10.47,4159025623,41,126.768,37.0806,0.00708074854799671,207994,346,304
516,127.25017,37.00371,23.92,4155012200,41,127.252,37.0067,0.00350556700121645,205012,341,332
517,128.4745,38.38537,6.11,4282025022,42,128.482,38.3821,0.00818186409077426,265882,442,400
518,128.1211,38.26958,468.47,4280034022,42,128.124,38.2654,0.00508747481565097,260444,433,380
519,127.5194,38.07545,297.73,4279034021,42,127.52,38.0822,0.00677661419884895,251982,419,346
520,128.51818,38.16705,135.58,4221011200,42,128.527,38.1731,0.0106955551515425,256855,427,403
521,128.60261,38.14377,13.39,4283035038,42,128.596,38.1436,0.00661218572031473,255655,425,407
522,127.9838,37.7871,187,4272031025,42,127.985,37.7833,0.00398497176903852,239367,398,373
523,128.82139,37.89848,8.94,4215025021,42,128.814,37.9022,0.00827348173384294,245434,408,420
524,128.92477,37.78579,6.61,4215011300,42,128.932,37.7881,0.00759005928829949,240625,400,427
525,128.37725,37.61234,552.11,4276034021,42,128.382,37.6087,0.00598432118122384,232166,386,396
526,128.394689,37.377481,303.2,4276025042,42,128.39,37.3732,0.00634930563134077,221933,369,397
527,128.64126,37.21108,392.43,4277025921,42,128.645,37.2147,0.00520499759847673,215326,358,412
529,129.28585,37.14156,36.07,4223025332,42,129.284,37.1405,0.00213215853070538,212955,354,449
530,130.8118,37.515,178,4794031026,47,130.805,37.5086,0.00933809402394133,231703,385,535
531,127.55219,37.89807,109.66,4182035022,41,127.55,37.9017,0.00423945751246583,244158,406,348
532,127.07349,37.73476,89.49,4115010500,41,127.074,37.7279,0.00687893160309325,236305,393,321
533,127.4808,37.3278,82,4150032000,41,127.484,37.3215,0.00706611633077118,218871,364,345
534,127.61058,37.121,88.2,4150025023,41,127.618,37.1258,0.0088372167564174,210451,350,353
535,128.18265,37.71701,313.5,4272034021,42,128.176,37.7102,0.00951832968540815,236368,393,384
536,127.97242,37.4876,114.35,4273025022,42,127.976,37.4928,0.00631319253627022,226725,377,373
537,128.84589,37.48323,488.08,4277035026,42,128.848,37.4858,0.00332520676049786,227377,378,423
538,127.10301,38.17254,82.25,4180036022,41,127.099,38.1708,0.00437123552327531,255570,425,322
539,127.36571,38.02415,137.74,4165038021,41,127.36,38.0291,0.00755689089507691,249565,415,337
540,126.892,37.6373,44.71,4128111300,41,126.897,37.6327,0.00679411510059469,232081,386,311
541,127.150517,37.634058,26,4136025922,41,127.142,37.6303,0.00930923482355002,232095,386,325
542,127.38017,37.68414,41.96,4182032524,41,127.388,37.6826,0.0079800062656599,234517,390,339
543,126.54958,37.499,25.79,2811014600,28,126.547,37.4969,0.00332661990616153,226041,376,291
544,126.6544,37.18565,10.96,4159035021,41,126.648,37.1921,0.00908639092269331,212803,354,297
545,126.83848,37.28103,5.92,4127110300,41,126.84,37.2874,0.00654883959186344,217028,361,308
546,127.2592,37.43529,122.61,4161010300,41,127.26,37.4352,0.000805046582501313,223674,372,332
547,127.75488,37.41593,108.62,4183038021,41,127.747,37.4141,0.00808970333201541,223100,371,360
548,127.63956,37.26883,118.56,4167011500,41,127.639,37.2637,0.00516047478436047,216472,360,354
549,127.22178,37.27011,79.36,4146125023,41,127.222,37.2697,0.000465295604966671,216448,360,330
550,127.04873,37.18787,41.75,4137011100,41,127.047,37.1887,0.0019188017094094,212826,354,320
551,127.10879,36.98769,27.14,4122011800,41,127.113,36.9945,0.00800626005073687,204402,340,324
552,127.4245,38.27218,238.38,4278025321,42,127.418,38.2777,0.00852762569534425,260404,433,340
553,128.42813,38.49235,21.47,4282031021,42,128.433,38.4943,0.00524589363215017,270695,450,397
554,128.43713,38.21439,771.81,4282033033,42,128.44,38.2168,0.00374766594028828,258656,430,398
555,127.7026,38.0964,113,4279032025,42,127.696,38.0933,0.00729177618966049,252594,420,356
556,127.98527,38.09799,187.57,4280025032,42,127.978,38.1021,0.00835134719671358,253212,421,372
557,128.3186,37.9526,336.51,4281033021,42,128.325,37.9562,0.00734302390026418,247212,411,392
558,127.70066,37.68614,94.64,4272037023,42,127.703,37.6916,0.00594030302257475,235137,391,357
559,128.39728,37.77805,574.76,4272039021,42,128.406,37.7742,0.0095320984048734,239391,398,397
560,128.56447,37.64794,540.54,4276036000,42,128.558,37.6459,0.00678398850235599,233982,389,406
561,128.15275,37.58219,221.38,4273035024,42,128.154,37.5861,0.00410494823353891,230949,384,383
562,128.26942,37.27534,285.87,4275036021,42,128.265,37.2793,0.00593447554549562,217712,362,390
563,128.6828,37.46356,362.87,4277034021,42,128.69,37.4625,0.00727760949764227,226164,376,414
565,126.77795,37.39154,5.77,4139013000,41,126.772,37.3848,0.00899055615632267,221238,368,304
566,128.81924,37.85155,8.36,4215037024,42,128.812,37.8469,0.00860465571652863,243026,404,420
567,126.93176,37.95332,71.25,4148037024,41,126.937,37.9508,0.00581446472170833,245929,409,313
568,127.31345,37.95867,162,4165037023,41,127.306,37.9605,0.00767146661337354,246552,410,334
569,127.15698,37.58224,27.15,4131010700,41,127.158,37.5886,0.00644127316607548,230290,383,326
570,126.64233,37.6232,33.72,2826011800,28,126.635,37.6209,0.00768237593456178,231464,385,296
571,126.82094,37.19525,45.39,4159026200,41,126.822,37.1908,0.00457450543775031,212813,354,307
572,127.12476,37.42093,28.65,4113310600,41,127.121,37.423,0.00429214398640261,223064,371,324
573,127.71352,37.55821,120.49,4183037021,41,127.716,37.553,0.00577013864651553,229118,381,358
574,127.58711,37.3694,36.85,4167035038,41,127.59,37.3752,0.006480131171516,221285,368,351
575,127.18765,37.10579,48.1,4146125622,41,127.184,37.1042,0.00398128120082659,209222,348,328
576,127.36632,37.12966,111.46,4146135029,41,127.358,37.1297,0.00832009615328819,210436,350,338
577,126.33654,37.53411,11.41,2872031024,28,126.338,37.5393,0.0053914469300896,227835,379,279
578,126.26628,36.3012,8.09,4418032029,44,126.263,36.2963,0.00589647352236265,173651,289,275
579,128.9133,37.36684,607.24,4223032025,42,128.913,37.3733,0.00646696219255614,222565,370,427
580,129.02888,37.61345,58.41,4215035021,42,129.029,37.619,0.00555129714571259,233407,388,433
581,128.77441,37.11663,422.1,4275025321,42,128.78,37.1142,0.00609532607824679,211120,351,420
582,128.07993,37.23146,328.01,4213039021,42,128.072,37.2281,0.00861246190121079,215293,358,379
583,128.1551,37.46463,534.72,4273032026,42,128.15,37.4616,0.00593219183776139,225531,375,383
585,128.08344,37.96599,236.41,4281031021,42,128.079,37.9615,0.00631456253432243,247198,411,378
586,127.8769,38.03209,226,4211038024,42,127.87,38.0348,0.00741310326381776,250196,416,366
587,127.95329,38.22642,276.94,4280033026,42,127.946,38.2274,0.00735557611611596,258628,430,370
588,127.64289,37.79066,83.37,4211040025,42,127.635,37.7896,0.00796088562911394,239347,398,353
589,126.79026,37.70236,59.07,4128511300,41,126.793,37.7028,0.00277510360167323,235085,391,305
590,127.00249,37.44028,46.6,4129010500,41,126.999,37.4381,0.00411491190671286,223659,372,317
591,128.05047,37.41554,267.66,4213031028,42,128.044,37.4223,0.00935726990097673,223719,372,377
592,127.74866,37.23162,52.7,4213035024,42,127.743,37.2344,0.00630587028094261,215274,358,360
593,128.54069,38.00731,128.31,4283031034,42,128.538,38.0065,0.00280930596411231,249632,415,404
594,128.21,38.2533,316,4281034023,42,128.212,38.2497,0.00411825205639072,259847,432,385
595,128.37415,38.26414,586.53,4282025037,42,128.371,38.26,0.00520212456596818,260458,433,394
596,128.49325,38.07699,240.99,4283031033,42,128.488,38.077,0.00525000952379042,252639,420,401
597,128.44108,37.54548,561.85,4276033022,42,128.449,37.5517,0.0100704915470989,229762,382,400
598,126.9905,37.83118,87.76,4163033021,41,126.988,37.8257,0.00602332134291797,240514,400,316
599,127.16977,37.76172,105.82,4165025025,41,127.162,37.7685,0.0103121918135761,238116,396,326
600,127.58973,36.97369,131.87,4377025326,43,127.597,36.9741,0.0072815520323537,203828,339,352
601,128.3669,36.98552,184.56,4380025025,43,128.359,36.9867,0.00798764045257723,205076,341,396
602,127.4625,36.8634,111,4375025025,43,127.456,36.8658,0.00692892488053098,199004,331,344
603,127.77758,36.81612,120.2,4376025022,43,127.783,36.819,0.00613765427504973,197217,328,363
604,127.59655,36.29994,122.64,4373025028,43,127.597,36.2976,0.00238287641307415,174331,290,353
605,127.75981,36.16313,139.68,4374025028,43,127.765,36.1569,0.00810857570723835,168321,280,363
606,126.38808,37.01061,23.22,4421025027,44,126.387,37.0137,0.00327330108606058,204962,341,282
607,126.13541,36.67309,6.4,4482533028,44,126.144,36.6691,0.00947144128420934,189898,316,268
608,126.64512,36.62774,86.52,4480025622,44,126.642,36.6257,0.00372773389609087,188121,313,297
609,126.35637,36.33788,36.1,4418032028,44,126.348,36.3374,0.00838375214328196,175462,292,280
610,126.44237,36.52003,16.88,4480037032,44,126.435,36.5164,0.00821546103392426,183293,305,285
611,127.2836,36.5722,26.6,3611036033,36,127.278,36.5782,0.00820731381147423,186352,310,334
612,127.13646,36.48284,24,4415012100,44,127.139,36.4833,0.00258131749306005,182130,303,326
614,126.70411,36.06248,9.59,4477031021,44,126.705,36.0598,0.00282391572111958,163443,272,301
615,127.10815,36.21164,8.15,4423010800,44,127.1,36.2078,0.00900933404864302,170088,283,324
616,126.61739,36.88936,52.4,4427010200,44,126.61,36.8883,0.00746563460129268,199557,332,295
617,127.1561,36.87817,41.03,4413325333,44,127.163,36.8834,0.00865811180339399,199589,332,327
618,126.77906,36.42371,98.75,4479025026,44,126.777,36.4178,0.00625872990310348,179099,298,305
619,127.70241,36.92297,133.44,4377025022,43,127.699,36.9172,0.00670231303357253,201426,335,358
620,127.90353,37.07371,65.43,4313042022,43,127.912,37.0792,0.0100936118411629,208662,347,370
621,128.21421,36.97325,147.63,4315033040,43,128.22,36.9761,0.00645341769916544,204466,340,388
622,128.00791,36.83909,228.09,4313032522,43,128.008,36.8424,0.00331122333888755,198434,330,376
623,127.56199,36.7956,74.72,4374525031,43,127.558,36.7952,0.00400999999998747,196000,326,350
624,127.65709,36.62435,244,4311132021,43,127.657,36.6278,0.0034511737133917,188782,314,356
625,127.8167,36.51724,328.17,4372031521,43,127.809,36.5148,0.0080773510509323,183975,306,365
626,127.81538,36.37052,122.63,4373035037,43,127.822,36.3765,0.00892103133051254,177956,296,366
627,126.29641,36.75851,41.94,4482525022,44,126.299,36.7654,0.00736072007347393,194121,323,277
628,126.81437,36.74213,38.84,4481039021,44,126.816,36.7487,0.00676918015715136,193549,322,307
629,127.20047,36.69076,84.56,3611037021,36,127.194,36.6897,0.00655625655384998,191163,318,329
630,127.79974,37.04557,111.99,4313036027,43,127.806,37.0397,0.00858163737289708,206850,344,364
631,126.61535,37.34775,9.74,2818510600,28,126.615,37.3444,0.0033682339586186,219423,365,295
632,126.93356,36.54069,58.83,4415025023,44,126.934,36.5406,0.000449110231455345,184526,307,314
633,127.09383,36.55114,75.76,4415037024,44,127.088,36.5529,0.00608986863569748,185137,308,323
634,126.86536,36.84578,29.5,4420038027,44,126.869,36.845,0.00372263347645583,197766,329,310
635,126.86024,36.1319,10.73,4476040000,44,126.859,36.1275,0.00457138928555197,166462,277,310
636,127.2407,36.3132,132,4425033023,44,127.238,36.3165,0.00426380112106513,174912,291,332
637,126.80557,36.89376,19.5,4427038033,44,126.801,36.9008,0.00839324132859046,200170,333,306
638,128.48473,37.08348,175.08,4380033021,43,128.483,37.0805,0.00344576551727431,209297,348,403
639,128.14564,36.90433,282.85,4315034021,43,128.148,36.9086,0.00487878058535456,201452,335,384
640,127.86167,36.67106,221.34,4376036047,43,127.865,36.6656,0.00639534987314487,190600,317,368
641,127.50172,36.5223,89.49,4311135022,43,127.5,36.5199,0.00295269368543838,183957,306,347
642,127.40609,36.3105,79.24,3014011600,30,127.41,36.3143,0.00545234811800995,174922,291,342
643,127.49378,36.34019,91.34,3011012800,30,127.496,36.3406,0.00225754291210061,176131,293,347
644,127.09004,36.13662,24.5,4423025331,44,127.098,36.1389,0.00828009661779068,167078,278,324
645,126.51099,36.57887,16.9,4480037000,44,126.504,36.5851,0.00936338613963796,186307,310,289
646,126.52845,36.17406,7.74,4477041024,44,126.535,36.1711,0.00718777434257903,168249,280,291
647,127.69238,36.12504,122.66,4374039021,43,127.696,36.1305,0.00655103045329345,167113,278,359
648,127.43821,36.41347,99.9,3023011800,30,127.446,36.4103,0.00841029131481079,179138,298,344
649,126.75072,37.47223,25.91,2823710900,28,126.755,37.4679,0.00608829204292777,224849,374,303
650,127.2772,38.2726,230,4278025928,42,127.277,38.2657,0.00690289794216329,259794,432,332
651,127.2056,38.27719,216.03,4278025025,42,127.207,38.2804,0.00350201370642507,260392,433,328
652,127.07807,38.02648,51.9,4180032021,41,127.079,38.0325,0.00609141198737925,249549,415,321
654,126.30761,37.25404,10.46,2872037021,28,126.301,37.249,0.00831226202666537,215191,358,277
655,124.72912,37.76024,83,2872034022,28,124.728,37.7671,0.00695082728888777,237977,396,187
656,126.19222,37.67085,14.75,2871042024,28,126.198,37.6642,0.00881083991455179,233245,388,271
657,126.50213,36.32435,31.65,4418011000,44,126.502,36.323,0.00135624481566034,174869,291,289
658,126.12143,36.7683,69.6,4482534027,44,126.127,36.7658,0.00610531735456323,194111,323,267
659,127.2057,36.343,831.7,4425033023,44,127.205,36.3445,0.00165529453571611,176114,293,330
660,128.37762,37.56197,533.47,4276034025,42,128.38,37.5672,0.00574606822095909,230360,383,396
661,128.40245,38.54385,5.5,4282031029,42,128.4,38.5505,0.00708695985595499,273101,454,395
662,126.29695,37.17066,13.27,2872036021,28,126.301,37.1661,0.00609886054931853,211579,352,277
663,125.78691,36.92863,62.53,2872035026,28,125.781,36.9314,0.00652694415480865,201315,335,247
664,126.45838,37.22468,17.72,2872036021,28,126.457,37.2208,0.00411810636094435,213996,356,286
665,126.42521,37.39043,28.32,2811015200,28,126.424,37.3868,0.00382635596880493,221218,368,284
666,126.16833,36.95871,29.6,4482535024,44,126.162,36.9591,0.0063420028382118,202541,337,269
667,126.0093,36.6476,58,4482533029,44,126.006,36.6416,0.0068476273263062,188686,314,260
669,126.07582,36.22918,20.89,4418032030,44,126.074,36.2277,0.00234580476595653,170630,284,264
670,128.62966,38.08725,4.31,4283025027,42,128.629,38.0873,0.000661891229745553,253249,421,409
671,128.5936,38.19091,3.65,4221010800,42,128.598,38.1852,0.0072086129040226,257461,428,407
672,126.48834,35.44236,10.76,4579035021,45,126.496,35.4414,0.00771992227940274,136341,227,289
673,128.71748,35.28222,20.56,4825025021,48,128.719,35.2811,0.00188806779539253,131055,218,421
674,128.82141,37.21963,822.28,4277025622,42,128.819,37.2238,0.00481632640089372,215938,359,422
675,127.52769,37.78978,52.21,4211040030,42,127.53,37.7912,0.00271154937258798,239341,398,347
676,127.42985,36.9906,143.77,4375037027,43,127.424,36.9906,0.00584999999999525,204420,340,342
678,128.7785861,37.72483056,458,4215031027,42,128.771,37.7233,0.00773896163086433,237606,395,418
679,128.7726,37.61099722,698,4215032026,42,128.766,37.6127,0.00681611764339857,232790,387,418
680,127.84468,38.21277,230.65,4279025027,42,127.84,38.2155,0.00541805315587952,258020,429,364
681,127.81167,38.24378,210.81,4278035000,42,127.806,38.2438,0.00567003527326805,259222,431,362
682,127.8647,38.2806,1062,4278037000,42,127.86,38.2845,0.00610737259384176,261031,434,365
687,127.252799,35.126202,62.2,4672033030,46,127.25,35.1321,0.00652846115099115,123142,205,334
688,126.939,35.269,31.3,4671031029,46,126.932,35.2731,0.00811233628493544,129143,215,315
689,126.898517,35.100806,75.1,2915510700,29,126.896,35.0947,0.00660443222388815,121315,202,313
690,127.1386,35.3362,98.86,4577033021,45,127.136,35.3398,0.00444072066223447,132165,220,327
691,126.95652,36.38617,23.83,4479033034,44,126.948,36.3887,0.00888770499060776,177905,296,315
692,126.9245,38.0404,33.24,4180033021,41,126.92,38.034,0.00782368199762289,249540,415,312
693,127.44011,36.72319,65.97,4311425333,43,127.436,36.7279,0.00625109590391452,192983,321,343
694,126.60936,36.70435,677.32,4481036029,44,126.609,36.7088,0.00446453805001001,191731,319,295
695,127.43197,38.11619,1050.39,4279034022,42,127.432,38.1112,0.00499009017955232,253181,421,341
696,129.08614,37.34661,82.78,4223036021,42,129.085,37.3405,0.00621544045100409,221371,368,437
697,125.91828,34.25059,1.1,4690036023,46,125.923,34.2478,0.00548292804987283,83933,140,255
698,126.2851,35.09384,25.12,4684036032,46,126.291,35.0984,0.00745678214781311,121279,202,277
699,126.46108,34.98378,37.85,4684025024,46,126.459,34.9878,0.00452623463818924,116473,194,287
700,125.96818,36.12509,52.32,4513039023,45,125.972,36.1312,0.00720586566624176,166410,277,258
701,127.67192,36.004,207.37,4573025022,45,127.675,36.0068,0.00416249924924742,161694,269,358
702,126.99435,35.94504,15.12,4514012400,45,126.993,35.9471,0.00246294539119458,158644,264,318
703,127.4374,35.7603,352.2,4572025025,45,127.432,35.7626,0.00586941223632593,150844,251,344
704,126.4775,35.6209,4.61,4580036022,45,126.48,35.6204,0.00254950975679463,144166,240,288
706,126.9727,35.3102,35.3,4671025022,46,126.967,35.3141,0.00690651865993739,130951,218,317
707,126.2084,35.058,35.08,4691025025,46,126.207,35.0574,0.00152315462117576,119468,199,272
708,126.74525,35.12886,30.35,2920015100,29,126.745,35.1235,0.00536582705647794,122510,204,304
709,127.4618,35.1974,30,4673025000,46,127.47,35.1978,0.00820975030071167,126165,210,347
710,126.744,35.025,5.8,4617039022,46,126.744,35.0273,0.00229999999999819,118296,197,304
711,126.9898,34.89711,77.34,4679034022,46,126.994,34.9014,0.00600367387522146,112893,188,319
712,127.5101,34.9442,9.47,4615011300,46,127.514,34.9497,0.00674240313241417,115332,192,350
713,127.5826,34.9751,10.87,4623025023,46,127.582,34.9761,0.00116619037897609,116540,194,354
714,126.0287,34.8791,4.3,4691033029,46,126.023,34.879,0.00570087712550023,111631,186,261
716,126.032,34.6307,5.12,4691037025,46,126.039,34.6318,0.00708590149522785,100796,168,262
717,126.3096,34.4274,12,4690033028,46,126.305,34.4256,0.00493963561408649,91782,153,278
718,126.0361,34.3328,7,4690036030,46,126.039,34.33,0.00403112887414737,87552,146,262
719,126.39771,35.81181,11.45,4513039028,45,126.397,35.8135,0.00183308483163901,152589,254,283
720,126.5499,34.1549,27.12,4689038023,46,126.552,34.1503,0.00505667875191027,79757,133,293
721,127.0282,34.3391,1.38,4689025322,46,127.035,34.3382,0.00685930025585558,88214,147,322
722,126.92875,35.13684,107.94,2911011800,29,126.93,35.1356,0.00176071008403985,123123,205,315
723,127.30898,34.02792,9.24,4613036021,46,127.312,34.0333,0.00616966773820944,74987,125,339
724,126.30157,33.95783,8.1,5011032022,50,126.303,33.9596,0.00227547797176754,71314,119,278
725,126.95414,33.52289,9.23,5011033021,50,126.957,33.5174,0.00619029078476381,52090,87,318
726,126.26786,33.12206,11.58,5013025026,50,126.267,33.1255,0.00354587083803654,34590,58,276
727,126.39293,33.40986,425.21,5011025342,50,126.399,33.4119,0.00640363178203832,47240,79,284
730,126.761,35.2794,38.2,4688036022,46,126.764,35.2746,0.00566038867923659,129133,215,305
731,126.68634,34.81665,2.2,4683025030,46,126.692,34.8216,0.007519182136366,109263,182,301
732,127.0922,34.762,146.32,4678025023,46,127.092,34.763,0.00101980390271757,106879,178,325
733,126.8917,36.0461,49.12,4514033025,45,126.892,36.0445,0.00162788205961251,162852,271,312
734,127.24573,35.98551,64.36,4571036031,45,127.249,35.9855,0.00327001529048467,160465,267,333
735,127.77305,35.89424,658,4573032030,45,127.775,35.8948,0.00202881738952103,156884,261,364
736,126.784,35.84678,6,4521041021,45,126.788,35.8525,0.00697985673204592,154418,257,306
737,126.8777,35.809,51.44,4521010700,45,126.872,35.8104,0.00586941223633694,152617,254,311
738,126.6998,35.5989,19.85,4580041022,45,126.7,35.6053,0.00640312423743235,143577,239,301
739,126.5467,35.5225,9,4579039026,45,126.547,35.5237,0.00123693168768155,139956,233,292
741,126.9843,35.0568,93.91,4679025031,46,126.98,35.0527,0.0059413803110064,119514,199,318
742,126.3306,34.9389,10.9,4684037025,46,126.324,34.9334,0.0085912746435005,114057,190,279
743,125.94688,34.77258,8.2,4691034026,46,125.939,34.7691,0.00861422080051208,106810,178,256
744,126.4364,34.6725,1,4682041029,46,126.44,34.672,0.00363455636906927,102626,171,286
745,126.7048,34.6998,80,4681036023,46,126.707,34.6979,0.00290688837074454,103846,173,302
746,126.5159,34.382,9,4682034026,46,126.521,34.3835,0.00531601354399964,89989,150,291
747,126.8585,34.1834,26,4689035021,46,126.851,34.1892,0.00948103369892328,81581,136,311
748,127.363,34.837,1.6,4678025300,46,127.361,34.842,0.00538516480712855,110507,184,341
749,127.12715,34.53472,29.3,4677025324,46,127.122,34.5293,0.00747655669409481,96647,161,327
750,127.62556,34.6308,34.87,4613033030,46,127.624,34.632,0.00196814633601935,101493,169,357
751,126.70904,33.48209,251.09,5011025930,50,126.711,33.4785,0.00409019559434591,50269,84,303
752,126.30599,33.30456,188.42,5013031027,50,126.3,33.3029,0.00621576222196187,42418,71,278
753,126.4959,33.39304,967.83,5011013900,50,126.497,33.3978,0.00488544777885939,46644,78,290
754,126.5264,35.0602,11,4686025022,46,126.526,35.0562,0.00401995024845313,119487,199,291
755,127.0853,35.1594,190.4,4679039022,46,127.082,35.1616,0.00396610640301987,124336,207,324
756,126.282,35.6015,6.26,4580042021,45,126.277,35.6074,0.00773369252038882,143552,239,276
757,127.43596,35.97436,269.51,4572040024,45,127.436,35.9692,0.00516015503642719,159874,266,344
758,127.57117,35.83521,320.16,4572033021,45,127.569,35.8294,0.0062020158013286,153862,256,352
759,127.57825,35.37162,480.56,4519046027,45,127.575,35.375,0.00468901908718251,133997,223,353
760,126.9327,35.4274,286.25,4577037031,45,126.934,35.4244,0.00326955654485468,135765,226,315
761,126.9346,35.6508,13.53,4518039030,45,126.938,35.6446,0.00707106781186487,145397,242,315
762,127.1261,35.5198,169.02,4575039025,45,127.122,35.5188,0.00422018956919545,139990,233,326
763,127.062,36.0592,38,4514039000,45,127.063,36.0566,0.00278567765543288,163464,272,322
764,127.1414,35.6736,218.9,4575036022,45,127.141,35.67,0.00362215405525359,146613,244,327
765,127.1345,34.8924,116.35,4678035021,46,127.128,34.8862,0.00898276126811968,112299,187,327
766,127.715,34.8495,67.45,4613014600,46,127.713,34.8502,0.00211896201005136,111130,185,362
767,127.3975,34.5886,12,4677035031,46,127.39,34.5945,0.00954253635046056,99673,166,343
768,127.289,35.289,100,4672025022,46,127.286,35.2829,0.00679779375974617,129766,216,336
769,126.3834,35.1993,3.25,4687036029,46,126.376,35.1943,0.00893084542469947,125498,209,282
770,126.8278,34.9474,73.27,4617042026,46,126.827,34.9442,0.00329848450049333,114689,191,309
771,126.1446,34.7269,3.61,4691040028,46,126.139,34.7278,0.00567186036499627,105016,175,268
772,126.2394,34.5319,1,4690025028,46,126.239,34.5355,0.00362215405525359,96594,161,274
773,126.636,34.7086,99.07,4683038022,46,126.64,34.7121,0.00531507290637265,104444,174,298
774,126.4662,34.8175,10.76,4684025600,46,126.474,34.8229,0.0094868329805046,109250,182,288
775,126.63538,35.1777,35.38,4686038025,46,126.628,35.1793,0.00755145019184755,124911,208,297
776,126.5531,34.4667,22.1,4682033023,46,126.555,34.4656,0.0021954498400159,93603,156,293
777,126.9347,34.5564,37.1,4680025326,46,126.939,34.5587,0.00487647413608517,97840,163,316
778,126.82181,34.79595,94,4680035030,46,126.825,34.7931,0.00427768629050742,108067,180,309
779,126.25809,33.39268,38.79,5011025027,50,126.251,33.3988,0.00936602904116284,46629,78,275
780,126.70438,33.27718,25.86,5013025321,50,126.708,33.2735,0.00516205385481455,41239,69,303
781,126.8777,33.5199,18,5011025631,50,126.875,33.5181,0.00324499614792284,52085,87,313
782,126.6194,33.38514,760.47,5011025929,50,126.611,33.3835,0.00855859801602552,46049,77,297
783,126.84076,35.23026,32.37,2917014100,29,126.848,35.2326,0.00760875811153997,127332,212,310
784,126.6126,34.8771,20.2,4683034027,46,126.609,34.8771,0.00360000000000582,111666,186,296
785,126.6827,34.4731,22,4682036023,46,126.688,34.4785,0.00756637297521066,94213,157,301
786,127.73993,34.6032,10.7,4613025022,46,127.74,34.6026,0.00060406953241945,100296,167,364
787,127.31716,34.50672,12.3,4677034027,46,127.321,34.5131,0.00744647567645095,96057,160,339
788,126.88132,35.13159,62.7,2914012800,29,126.88,35.1361,0.00469920205992296,123120,205,312
789,126.2933,34.8764,12,4691025325,46,126.29,34.8786,0.00396610640300804,111647,186,277
790,127.4674,34.5326,136,4677045023,46,127.472,34.5384,0.007402702209327,97270,162,348
791,127.58379,35.2662,413.25,4673033027,46,127.589,35.2647,0.00542163259545084,129182,215,354
792,126.81682,33.3536,80.47,5013032022,50,126.824,33.3545,0.00723618684113909,44858,75,310
793,126.22626,33.24101,2.64,5013025025,50,126.234,33.2348,0.0099232907848158,39404,66,274
794,127.42739,35.10066,75.99,4615033024,46,127.434,35.1021,0.00676503510707367,121949,203,345
795,127.13901,35.27532,87.6,4672037023,46,127.134,35.271,0.00661532312135887,129155,215,327
796,127.24476,34.23775,38,4613036025,46,127.249,34.2397,0.00466691546955454,84013,140,335
797,125.29953,34.39498,35.63,4691036030,46,125.308,34.3961,0.00854372869419701,90518,151,218
798,125.1833,34.6667,22,4691036029,46,125.188,34.6696,0.00552268050859543,102551,171,211
799,126.13762,35.20218,12.02,4687038021,46,126.14,35.2087,0.00694080686952425,126086,210,268
800,129.44368,36.72566,6.43,4793025321,47,129.435,36.7206,0.0100471886615099,194905,324,459
801,129.088,36.62497,217,4776025023,47,129.085,36.6215,0.00458703608007567,190069,316,439
802,129.3401,36.7574,141.2,4793036029,47,129.333,36.7517,0.00910494371207688,196103,326,453
803,128.81147,36.3947,219.79,4773033031,47,128.817,36.3947,0.00552999999999315,179820,299,424
804,129.33921,36.19056,37.23,4711332023,47,129.338,36.1854,0.00529997169803756,171423,285,455
805,129.094343,36.179279,227.04,4711335034,47,129.098,36.1793,0.00365706029483098,170807,284,441
806,128.2903,36.23336,41.05,4719025024,47,128.297,36.2287,0.0081612253981788,171964,286,394
807,128.69318,36.17966,114.26,4772035034,47,128.688,36.1775,0.0056123079031923,170181,283,417
808,129.56673,36.07597,11.41,4711135022,47,129.571,36.0806,0.00629839662135635,167223,278,469
809,127.97919,35.93544,205.1,4715044032,47,127.98,35.9322,0.00333971555674881,158702,264,376
810,128.29851,35.92553,34.22,4784025025,47,128.303,35.9252,0.00450211061614886,158721,264,395
811,129.20929,35.86299,32.36,4713012400,47,129.202,35.8588,0.00840834109680277,156968,261,448
812,128.28214,35.69603,41.19,4783025333,47,128.278,35.6916,0.00606337364839484,148486,247,394
813,128.73183,35.65404,77.53,4782025028,47,128.734,35.6524,0.00272001838229727,147309,245,421
814,128.66103,36.97916,302.79,4721039024,47,128.653,36.9794,0.00803358574985722,205093,341,413
815,128.46461,36.65996,102.13,4790025024,47,128.467,36.6663,0.00677552212011103,191237,318,403
816,129.5475,35.9831,42.37,4711125028,47,129.549,35.9849,0.00234307490276972,163008,271,468
817,129.22123,36.78268,383.62,4776034030,47,129.214,36.7833,0.00725653498578298,197300,328,446
818,128.14792,36.70781,217.28,4728036027,47,128.141,36.7015,0.00936496129197021,192422,320,384
819,128.88641,36.65875,203.21,4717041034,47,128.88,36.6553,0.00727946426601708,191261,318,427
820,128.52665,36.54819,75.76,4717034033,47,128.532,36.5542,0.00804627864296711,186425,310,407
821,128.07393,36.28187,91.11,4725035023,47,128.076,36.275,0.00717508188106615,173757,289,381
822,128.10165,36.08128,84.16,4715041021,47,128.104,36.0813,0.0023500851048489,165331,275,383
823,128.55577,36.24934,81.56,4772025027,47,128.554,36.25,0.00188904737896674,173183,288,409
824,128.5001,36.09561,116,4785033044,47,128.497,36.0998,0.00521211089674267,166558,277,406
825,128.3813,36.03977,29.79,4785036029,47,128.375,36.0338,0.00867933753232942,163541,272,399
826,128.79003,36.04709,130.98,4723032027,47,128.785,36.0507,0.00619136495452042,164769,274,423
827,128.743,35.82425,61.21,4729011700,47,128.741,35.8176,0.00694424221927281,154533,257,421
828,128.42384,35.69018,24.93,2771026526,27,128.43,35.6879,0.00656840924424806,148495,247,403
829,129.31815,35.71214,72.92,4713025921,47,129.314,35.7173,0.00662178978827621,150955,251,455
830,129.19957,36.06887,45.06,4711334021,47,129.195,36.0659,0.00545030274388461,165997,276,447
831,128.99708,37.04012,663.05,4792039022,47,129.001,37.0387,0.00416926852097097,208123,346,433
832,128.43373,36.38353,59.28,4773043030,47,128.439,36.3771,0.00831371156583981,178594,297,402
833,128.04189,36.53829,174.74,4725044024,47,128.05,36.5377,0.00813143283808376,185193,308,379
834,127.94422,36.44123,286.99,4725041023,47,127.944,36.4432,0.00198224620065207,180973,301,373
836,128.89548,36.27948,317,4775034043,47,128.898,36.282,0.00356381817718094,175009,291,429
837,128.6429,36.8268,188.82,4721031021,47,128.646,36.8275,0.00317804971640405,198471,330,413
838,128.27046,36.79066,451.67,4728035028,47,128.265,36.7954,0.00723043567154056,196643,327,391
839,128.89544,36.45834,129.33,4717039021,47,128.889,36.4617,0.00726382819179915,182834,304,428
840,128.8144,35.9125,71,4729025021,47,128.813,35.912,0.00148660687474966,158751,264,425
841,128.91106,36.08494,138.88,4723034032,47,128.906,36.0886,0.00624493394679504,166582,277,430
842,129.0109,35.7575,170.1,4713034023,47,129.01,35.7546,0.00303644529013516,152141,253,437
843,129.25013,36.93611,219.97,4793039021,47,129.256,36.9339,0.00627224042905271,203924,339,448
844,129.35859,36.43551,22.38,4777025021,47,129.351,36.4334,0.00787782965034827,182259,303,455
845,128.59068,35.90842,30.18,2723011500,27,128.592,35.9043,0.00432629171462796,158136,263,412
846,128.53095,35.86509,76.37,2717010500,27,128.539,35.8643,0.00808867108986134,156327,260,409
847,128.46649,36.27625,70.41,4772031039,47,128.47,36.2798,0.00499225399995527,174382,290,404
848,128.89534,35.67916,104.4,4782036000,47,128.888,35.6756,0.00815776930294002,148522,247,430
849,128.3871,36.54689,85.04,4790040021,47,128.394,36.5438,0.00756029761319122,185815,309,399
850,129.49062,35.78471,6.67,4713025024,47,129.487,35.7803,0.00570547982207354,153975,256,465
851,129.35206,37.05137,79.82,4793031030,47,129.349,37.0553,0.00498081318662541,209347,348,453
852,129.42575,37.06063,40.95,4793037021,47,129.419,37.0668,0.00914502050296941,209953,349,457
853,128.62129,36.01827,568.37,4785032035,47,128.613,36.014,0.00932507372623875,162953,271,413
854,129.1337,35.4954,160,3171040027,31,129.133,35.489,0.00643816744112668,140711,234,445
855,126.26833,33.1733,4.25,5013025026,50,126.267,33.1801,0.00692884550268666,36998,62,276
856,127.59815,35.1018,514.84,4623032024,46,127.602,35.0995,0.00448469619929723,121959,203,355
857,126.7173,34.3,4.43,4689025027,46,126.719,34.3,0.00169999999999959,86389,144,303
858,126.17,34.4296,37.5,4690035021,46,126.172,34.4259,0.00420594816896219,91774,153,270
859,129.36576,35.76129,345.86,4713031034,47,129.367,35.7569,0.00456176500929149,152764,254,458
860,128.61903,35.88515,58.81,2714010100,27,128.625,35.8896,0.00744603250059223,157536,262,414
861,126.7781,33.56233,34,5011025626,50,126.777,33.56,0.00257660629510785,53885,90,307
862,126.77919,33.47056,196.63,5011025625,50,126.776,33.4643,0.00702593054335092,49671,83,307
863,126.4316472,33.47688333,86.2,5011012300,50,126.432,33.4801,0.00323595947578215,50252,84,286
864,127.15496,35.8215,53.4,4511112100,45,127.161,35.8212,0.00604744574179762,153236,255,328
865,126.52202,33.45766,233.9,5011013400,50,126.514,33.4524,0.00959103748298529,49053,82,291
866,126.5977722,33.43020278,618.3,5011013200,50,126.595,33.4246,0.0062510988288794,47854,80,296
867,126.5304889,33.37691111,1528,5011012000,50,126.529,33.3703,0.00677669525964642,45442,76,292
868,126.4980111,33.37598889,1434,5011025321,50,126.497,33.3705,0.00558123970477207,45440,76,290
869,126.4964028,33.34831667,1260.2,5013011800,50,126.496,33.3431,0.00523219779145754,44236,74,290
870,126.55572,33.36978,1489.37,5013025328,50,126.562,33.3701,0.00628814758096926,45444,76,294
871,126.51804,33.36239,1668.26,5011025321,50,126.513,33.3567,0.00760116438448438,44839,75,291
872,127.75629,35.31913,864.74,4886036021,48,127.759,35.3168,0.00357393340732122,131600,219,364
873,127.97023,37.2557,898.26,4213038022,42,127.969,37.2578,0.00243370088549122,216491,360,373
874,127.2053,38.221,206.65,4278025021,42,127.206,38.225,0.00406078810085576,257984,429,328
875,128.46057,38.12106,1595.71,4283031033,42,128.454,38.1194,0.00677646663090506,254443,423,399
876,129.16819,37.45341,68.48,4223010600,42,129.16,37.4489,0.0093496630955443,226191,376,441
877,127.80486,37.31339,59.23,4213025024,42,127.797,37.3164,0.00841663234317296,218889,364,363
878,129.09609,37.22379,817.04,4223025032,42,129.097,37.2294,0.00568332649070747,216556,360,438
879,128.67959,37.66048,852.43,4276038026,42,128.681,37.6565,0.00422238084497932,234591,390,413
880,126.3237361,33.33279167,337.7,5011025025,50,126.316,33.3302,0.00815867615480254,43623,73,279
881,126.52954,35.73016,9.56,4580036026,45,126.532,35.7302,0.00246032518175885,148985,248,291
882,126.6042,35.25177,107.74,4688034024,46,126.612,35.2481,0.00862026101691964,127920,213,296
883,126.35989,33.36233,435,5011025339,50,126.366,33.3574,0.00785092351256197,44830,75,282
884,126.5176,33.25927,173.45,5013010300,50,126.512,33.261,0.00586113470242921,40625,68,291
885,126.67846,33.33143,244.29,5013025323,50,126.676,33.3284,0.00390288354937328,43645,73,301
886,126.5911,35.9504,10,4513015200,45,126.585,35.9503,0.00610081961707146,158620,264,294
888,127.49078,36.46267,94.44,4311135032,43,127.499,36.4647,0.00846695340721194,181549,302,347
889,126.97652,37.50036,16.23,1159010700,11,126.982,37.4936,0.00870218363401169,226066,376,316
890,126.6358444,33.31450278,302,5013025329,50,126.643,33.3149,0.00716661671142425,43041,72,299
892,126.851272,33.450108,126.7,5013025925,50,126.858,33.4499,0.00673121445209775,49074,82,312
893,126.3272222,33.46583333,25.3,5011025334,50,126.333,33.4669,0.00587543681175693,49644,83,280
894,126.95685,37.39436,77.92,4117310200,41,126.964,37.3969,0.00758775988022528,221851,369,315
895,126.86531,37.47867,52.69,4121010200,41,126.86,37.4809,0.00575925342383266,225457,375,309
896,126.93534,37.36148,84.71,4141010500,41,126.928,37.3558,0.00928105597440116,220043,366,313
897,126.96884,37.34452,80.4,4143010100,41,126.963,37.3416,0.00652931849430641,219443,365,315
898,129.3860107,35.50491883,4,3114011900,31,129.388,35.5081,0.00375195376555337,141930,236,460
899,128.5821,35.223617,24,4812710500,48,128.582,35.2298,0.00618380861605542,128639,214,413
900,129.1433,35.6202,123,3171037022,31,129.14,35.6266,0.00720069441097469,146731,244,445
901,129.4356,35.4865,83,3117010100,31,129.438,35.4926,0.00655515064663021,141331,235,463
902,127.8187,35.2424,186,4886036027,48,127.824,35.2468,0.00688839603970903,128594,214,368
903,128.51486,35.40387,13.66,4874040027,48,128.521,35.4103,0.00889069738546265,136461,227,409
904,128.9675,35.137,4.28,2653010500,26,128.965,35.1364,0.00257099202643395,125050,208,436
905,129.0429,35.4414,84.01,4833033000,48,129.046,35.4367,0.00563027530409752,138298,230,440
906,127.6428,35.2322,91,4885031000,48,127.639,35.2364,0.00566392090340462,127981,213,357
907,128.06313,34.93211,29.46,4824011700,48,128.067,34.9258,0.00740222939390814,114763,191,383
908,128.7537,35.1122,10,4812914700,48,128.762,35.1148,0.00869770084561784,123834,206,424
909,128.73823,34.78774,111.46,4831031024,48,128.732,34.7858,0.00652506704945174,109385,182,423
910,129.0742,35.06608,137.94,2620012100,26,129.079,35.0641,0.00519234051273123,122047,203,443
911,128.5772,34.6489,69,4822036028,48,128.576,34.6527,0.0039849717690428,103356,172,414
912,127.77834,35.52627,139.44,4887025027,48,127.781,35.5228,0.00437224198781722,140631,234,365
913,127.98155,34.7238,19.65,4884032022,48,127.977,34.7216,0.00505395884430507,105728,176,378
914,127.7322,35.6376,352.12,4887037025,48,127.734,35.6338,0.00420475920831931,145444,242,362
915,128.10282,35.41419,86.9,4889043028,48,128.099,35.4202,0.00712127095399301,136436,227,384
916,127.96692,35.3111,56.16,4886037022,48,127.961,35.313,0.00621742712060505,131612,219,376
917,128.06768,35.03695,23.51,4824033026,48,128.07,35.0357,0.00263531781764273,119579,199,383
918,128.3309,34.9905,11,4882025032,48,128.337,34.9884,0.00645135644649177,117789,196,399
919,128.47588,35.55217,24.3,4874036025,48,128.476,35.5491,0.00307234438173277,142478,237,406
920,128.3992,35.2963,10,4873025031,48,128.399,35.2895,0.00680294054068364,131036,218,402
921,128.8314,34.9931,73.26,2644012200,26,128.824,34.9893,0.00831865373722435,118420,197,428
922,128.9294,35.4864,138.45,4827035031,48,128.93,35.4815,0.00493659801888771,140097,233,433
923,129.2511,35.275,65,2671031022,26,129.258,35.2785,0.00773692445355651,131689,219,453
924,129.36029,35.35867,23.97,3171031025,31,129.363,35.3575,0.00295177912453298,135307,225,459
925,128.823,35.3744,12.43,4825035025,48,128.824,35.3745,0.00100498756211646,135275,225,427
926,128.4747222,35.12611111,14.8,4812533000,48,128.477,35.1225,0.00426948337296986,123817,206,407
927,128.88365,35.58197,126.74,4827034021,48,128.883,35.5793,0.00274798107707187,144308,240,430
929,128.3069,35.11361,74.1,4882038021,48,128.308,35.1129,0.00130923641866258,123205,205,397
930,128.2375,34.8101,6,4822037000,48,128.231,34.8123,0.00686221538573568,109957,183,393
931,128.27352,34.62231,73.47,4822035021,48,128.274,34.619,0.00334462254970624,101532,169,396
932,127.7664,35.0603,8,4885025024,48,127.769,35.0554,0.00554707129934328,120163,200,365
933,127.8324,34.9966,43,4885036027,48,127.834,34.9992,0.00305286750449369,117759,196,369
934,127.9284,35.2217,132,4817046022,48,127.925,35.2174,0.00548178802946629,127396,212,374
935,128.34114,35.56979,23.63,4889039033,48,128.341,35.5662,0.00359272876793733,143072,238,398
936,128.20227,35.33264,61.9,4872032023,48,128.198,35.3355,0.00513930929210873,132830,221,390
937,129.16236,35.1761,62.98,2635010500,26,129.168,35.1713,0.00740605157961763,126868,211,448
938,129.0192,35.1589,114,2623011100,26,129.017,35.1624,0.00413400532172359,126257,210,439
939,129.1035,35.2932,53.11,2641010100,26,129.107,35.2971,0.0052402290026324,132282,220,444
940,129.09013,35.20914,70.07,2626010500,26,129.086,35.2152,0.00733351893703532,128669,214,443
941,129.0026,35.213,5.52,2632010400,26,129.002,35.2178,0.00483735464897402,128664,214,438
942,129.088333,35.118611,121.2,2629011100,26,129.082,35.1191,0.00635185091136083,124455,207,443
943,129.37528,35.66738,470.43,3120010300,31,129.38,35.6737,0.00788801622715512,149153,248,459
944,128.5706,35.3853,23,4874041021,48,128.571,35.3815,0.00382099463490523,135260,225,412
945,127.99,35.5345,226.87,4889045026,48,127.985,35.5327,0.00531413210223128,141245,235,377
946,127.8183,35.7798,324.91,4888034022,48,127.823,35.7837,0.00610737259384176,152071,253,367
947,128.5908,34.72193,30.51,4831033022,48,128.595,34.7208,0.00434935627420716,106367,177,415
948,127.8358,35.3106,139.4,4886035025,48,127.843,35.3153,0.00859825563704408,131605,219,369
949,129.441,35.6375,8,3120011800,31,129.446,35.6439,0.00812157620169543,147953,246,463
950,128.9838,35.0901,127,2638010400,26,128.98,35.0947,0.00596657355608115,123245,205,437
951,126.90733,35.50866,107.77,4518011900,45,126.902,35.5073,0.00550077267299813,139375,232,313
953,128.67977,34.99839,30.87,4831039026,48,128.673,34.9936,0.00829318997731557,118411,197,419
954,129.3601,35.431,59.44,3171025030,31,129.367,35.4262,0.00840535543567219,138317,230,459
955,126.3933333,37.325,18,2872037000,28,126.389,37.3317,0.00797919099219493,218808,364,282
956,125.9767,36.77,16,4482533000,44,125.972,36.7659,0.00623698645180557,194102,323,258
957,126.225,35.98666667,95,4513039022,45,126.227,35.9931,0.0067370419984545,160405,267,273
958,126.245,35.61333333,15,4580042000,45,126.243,35.6075,0.00616666351351815,143550,239,274
959,126.0266667,34.26333333,12,4690036000,46,126.022,34.2615,0.00501389945839826,84541,141,261
960,126.6542,33.22333,18,5013025327,50,126.659,33.2192,0.00633221130411797,38828,65,300
961,127.85778,34.285,27,4613034026,46,127.864,34.2847,0.0062272305240761,86458,144,372
963,129.475,35.5667,16,3.117e+09,31,129.475,35.5602,0.00649999999999551,144343,240,465
964,126.81564,34.45898,48.8,4681040024,46,126.821,34.4637,0.00714198851861403,93619,156,309
965,126.533,33.35236111,1576,5013011100,50,126.529,33.3566,0.00582822343704908,44840,75,292
966,126.3856,37.1161,38,4127311200,41,126.387,37.1105,0.00577234787586678,209176,348,282
967,126.6128,37.1189,70,4159035032,41,126.613,37.1232,0.00430464865000712,209791,349,295
970,127.25024,38.2016,179.45,4278025923,42,127.258,38.1967,0.009177559588466,256783,427,331
972,128.6834,36.54983,88.62,4717013300,47,128.686,36.5502,0.00262619496610647,186434,310,416
973,126.949584,35.023294,39.8,4679035031,46,126.946,35.0255,0.00420850234644467,118308,197,316
974,128.1547,35.2439,22,4817040024,48,128.161,35.24,0.00740945342114283,128614,214,388
977,127.4428,36.63633,56.36,4311425300,43,127.451,36.6311,0.00972588813424131,188770,314,344
978,127.77626,37.95461,140.37,4211025023,42,127.78,37.9533,0.00396278942161538,246579,410,361
980,126.48951,33.26062,141.84,5013011600,50,126.496,33.2611,0.00650772617739783,40624,68,290
982,129.16027,35.15905,NA,2635010500,26,129.168,35.1576,0.00786482040482424,126266,210,448
983,129.09179,35.05243,NA,2620012100,26,129.095,35.0499,0.00408717506353389,121446,202,444
