"stn","lon_o","lat_o","ele","lon_l","lat_l","dist","dii","yii","xii"
9,127.4312,36.99194,180.95,127.424,36.9906,0.00732363297823972,173820,340,252
10,126.5329,33.361,1909,126.529,33.3566,0.00587962583843432,38090,75,202
12,126.3167,36.5333,60,126.315,36.5307,0.00310644491339652,156348,306,188
13,126.2,33.2833,51.9,126.202,33.2895,0.00651459898995927,35510,70,182
90,128.56472,38.25085,18.06,128.565,38.2553,0.00445880028707149,221499,433,315
92,128.6667,38.0667,75.4,128.663,38.0726,0.00696419413858522,214849,420,321
93,127.7547,37.9475,95.61,127.762,37.9536,0.00951314879522307,209678,410,270
95,127.3042,38.14788,155.48,127.31,38.1544,0.0087264196552833,216820,424,244
96,131.86983,37.23952,96.15,131.864,37.2445,0.00766741807912346,189435,370,507
98,127.06069,37.90186,115.62,127.059,37.908,0.00636833573235683,207590,406,230
99,126.76649,37.88588,30.59,126.76,37.883,0.00710031689433497,206549,404,213
100,128.71833,37.67713,772.57,128.717,37.6833,0.00631171925865242,200517,392,325
101,127.7357,37.90256,76.47,127.743,37.8986,0.00830491420786545,207629,406,269
102,124.63046,37.96611,36,124.636,37.9598,0.00839688632767817,209500,410,92
104,128.8554,37.8046,78.9,128.862,37.8039,0.00663701740241002,205133,401,333
105,128.89098,37.75147,26.04,128.895,37.7476,0.0055800806445758,203087,397,335
106,129.12433,37.50708,39.91,129.128,37.5052,0.00412350578997978,194397,380,349
108,126.96579,37.57141,85.67,126.966,37.5768,0.00539408935780466,195297,382,225
110,126.7756,37.5683,11.38,126.774,37.5646,0.00403112887414966,194774,381,214
112,126.6249,37.4777,68.99,126.616,37.4827,0.0102083299319709,191693,375,205
113,126.4392,37.4625,7.1,126.442,37.4559,0.00716937933157034,190659,373,195
114,127.9466,37.3376,148.6,127.954,37.3411,0.00818596359629199,187162,366,282
115,130.89864,37.48129,222.8,130.907,37.4759,0.00994694425440077,196035,383,451
116,126.96401,37.44525,624.82,126.964,37.4384,0.00685000729926621,190177,372,225
119,126.9853,37.2723,34.84,126.979,37.2723,0.00629999999999598,184034,360,226
121,128.45743,37.18126,240.6,128.453,37.178,0.00550022726802237,181559,355,311
127,127.95266,36.97038,116.3,127.96,36.9677,0.00781396186322778,173339,339,283
129,126.49391,36.77661,28.91,126.489,36.7785,0.00526119758229678,165574,324,198
130,129.41278,36.99176,50,129.415,36.9978,0.00643506021727523,175983,344,367
131,127.44066,36.63924,57.16,127.434,36.6451,0.00887103150709858,161021,315,253
133,127.37212,36.372,68.94,127.376,36.3699,0.0044118476855018,150778,295,250
135,127.99457,36.22023,243.7,127.989,36.2216,0.00573600906553596,145694,285,286
136,128.70732,36.57293,140.1,128.705,36.5773,0.00494765601067834,159559,312,327
137,128.15743,36.40838,96.17,128.149,36.4114,0.00895462450357725,152871,299,295
138,129.37963,36.03259,3.94,129.381,36.0321,0.00145499140891711,140144,274,368
140,126.76135,36.0053,23.2,126.755,36.0043,0.00642825792886108,136918,268,214
143,128.6522,35.828233,53.5,128.657,35.8337,0.00727516934512168,131910,258,326
146,127.119,35.8408,61.4,127.127,35.8354,0.00965194280960816,130796,256,236
151,129.3522222,35.59333333,12.6,129.358,35.5918,0.0059777984014979,123760,242,368
152,129.3344,35.5826,83.2,129.341,35.5786,0.00771751255264597,123247,241,367
155,128.57285,35.1702,37.6,128.58,35.1748,0.00850191154978177,107331,210,323
156,126.89158,35.17294,72.38,126.897,35.1772,0.00689376529916908,106207,208,223
159,129.03203,35.10468,69.56,129.031,35.1069,0.0024473046397979,105310,206,350
160,128.99996,35.11881,518.46,128.998,35.1217,0.00349194788047456,105820,207,348
162,128.4356,34.84546,32.3,128.433,34.8487,0.00415422676318871,95035,186,315
163,126.3830556,34.99138888,10.9,126.375,34.9882,0.00866381249880875,99008,194,192
165,126.38121,34.81689,38,126.374,34.8233,0.00964739343035415,92864,182,192
167,127.6125,34.84666667,17.9,127.613,34.8519,0.00525716110547632,94474,185,266
168,127.74064,34.73929,64.64,127.744,34.7398,0.00339848495656673,90386,177,274
169,125.45103,34.68719,76.49,125.455,34.6852,0.00444083325514034,87689,172,137
170,126.70184,34.39587,35.24,126.704,34.3961,0.00217221085531569,77012,151,212
172,126.599,35.3489,52,126.596,35.3445,0.00532541078228107,112333,220,205
174,127.3694,35.0204,165,127.365,35.0206,0.00440454310911298,100603,197,251
175,126.32379,34.47212,478.51,126.322,34.4667,0.00570793307598569,79549,156,189
177,126.68766,36.65745,20,126.694,36.653,0.0077458440469775,160978,315,210
182,126.5,33.51666667,26.5,126.498,33.5208,0.00459177709486179,44232,87,200
184,126.52968,33.51411,20.45,126.531,33.5207,0.00672090023731649,44234,87,202
185,126.16283,33.29382,71.47,126.169,33.2896,0.00747511203928999,35508,70,180
188,126.88021,33.38678,20.34,126.873,33.3814,0.00899602690080651,39135,77,223
189,126.56534,33.24613,49.03,126.561,33.2471,0.00444707769214762,33996,67,204
192,128.04002,35.16379,30.21,128.041,35.1601,0.0038179182809469,106275,208,291
201,126.44634,37.70739,47.84,126.443,37.7049,0.004166017282733,199875,391,195
202,127.49447,37.48857,47.26,127.488,37.4874,0.00657493726206562,192255,376,255
203,127.4842,37.26398,80.09,127.483,37.2662,0.00252356890137732,184063,360,255
211,128.16713,38.05987,200.16,128.17,38.0566,0.00435083899954545,213797,418,293
212,127.8804,37.68358,139.95,127.877,37.6885,0.00598050165119779,199957,391,277
216,128.98928,37.17031,712.82,128.99,37.1635,0.00684795589939236,181590,355,342
217,128.6461,37.3813,307.4,128.652,37.3805,0.00595399025863932,189250,370,322
221,128.19431,37.15927,259.8,128.191,37.1564,0.00438098162516143,180520,353,296
226,127.73412,36.48759,174.99,127.74,36.4884,0.00593552862008862,155407,304,271
229,125.55951,36.62542,103.56,125.559,36.6268,0.00147122398023495,159888,313,144
232,127.2926972,36.7624,81.5,127.299,36.7574,0.0080452027842702,165109,323,245
235,126.55741,36.32721,15.49,126.554,36.3227,0.0056540428013985,148682,291,202
236,126.92081,36.27236,11.33,126.913,36.2787,0.0100594085313262,147167,288,223
238,127.48175,36.10562,170.35,127.49,36.1062,0.0082703627489868,141057,276,257
243,126.71655,35.72954,11.96,126.718,35.7291,0.00151528875136517,126676,248,212
244,127.28556,35.61227,247.04,127.293,35.613,0.00747572738936045,122614,240,246
245,126.83917,35.56306,69.84,126.835,35.5629,0.00417306841544888,120539,236,219
247,127.3967,35.4023,132.5,127.39,35.4053,0.0073409808608887,114940,225,252
248,127.52029,35.65695,406.49,127.514,35.6512,0.00852212414836096,124163,243,259
251,126.697,35.4266,54,126.698,35.4264,0.00101980390270921,115411,226,211
252,126.47779,35.283671,37.2,126.478,35.2901,0.00643242885697562,110278,216,198
253,128.89301,35.22666,59.34,128.885,35.2214,0.00958267707899028,109397,214,341
254,127.1286,35.3714,127,127.136,35.3673,0.00845990543681541,113389,222,237
255,128.6725,35.2264,48.8,128.666,35.2276,0.00660984114788162,109384,214,328
257,129.02,35.3072,14.85,129.024,35.3135,0.00746257328271386,112989,221,349
258,127.2123,34.7633,2.8,127.209,34.7616,0.00371214223865025,90866,178,242
259,126.7689,34.6261,12.5,126.773,34.6288,0.00490917508344691,85720,168,216
260,126.91949,34.68875,45.02,126.924,34.6824,0.00778861990342732,87777,172,225
261,126.56897,34.55359,16.36,126.572,34.5478,0.00653490627323986,82636,162,204
262,127.27571,34.61824,51.91,127.273,34.6235,0.00591706853095678,85750,168,246
263,128.2881,35.3226,14.18,128.282,35.3198,0.00671192967779757,112433,220,305
264,127.7454,35.5114,151.2,127.747,35.5097,0.0023345235059829,119057,233,273
266,127.691,34.943,86.7,127.699,34.9466,0.00877268487977995,98063,192,271
268,126.2585,34.4731,5.4,126.255,34.4669,0.00711969100453205,79545,156,185
271,128.91454,36.94355,324.3,128.911,36.9446,0.00369243821883386,173394,339,338
272,128.51696,36.87188,210.79,128.51,36.8725,0.00698756037543109,170299,333,315
273,128.14877,36.62727,170.61,128.156,36.6321,0.00869492955692448,161063,315,295
276,129.0423,36.4321,206.23,129.042,36.4295,0.00261725046566266,154459,302,347
277,129.40936,36.53331,42.12,129.407,36.5282,0.0056286499269304,158576,310,368
278,128.68863,36.35611,81.81,128.695,36.3567,0.00639726504062833,151367,296,327
279,128.32054,36.13055,48.88,128.327,36.1315,0.00652947930543158,142642,279,306
281,128.95141,35.97743,93.8,128.952,35.9769,0.000793095202345709,137559,269,343
283,129.2009092,35.81746056,37.64,129.2,35.8175,0.000910055027810543,131942,258,358
284,127.909,35.6674,225.95,127.904,35.672,0.00679411510058988,125210,245,282
285,128.16986,35.56503,32,128.172,35.57,0.00541114590451867,121642,238,298
288,128.7441,35.49148,11.21,128.744,35.4869,0.00458109157298122,119116,233,332
289,127.8791,35.41299,138.07,127.88,35.4109,0.00227554389103209,115481,226,281
294,128.60453,34.88818,46.27,128.602,34.8855,0.00368555287576044,96581,189,325
295,127.92641,34.81663,45.71,127.93,34.8187,0.00414403185315985,93469,183,285
300,126.31534,35.85837,48.45,126.312,35.8551,0.00467423790580462,131260,257,188
301,126.118,35.0859,6,126.123,35.085,0.00508035431836198,102577,201,177
302,126.1592,34.6647,19,126.156,34.6592,0.00636317530797374,86707,170,179
303,125.0974793,34.07283167,97.84,125.096,34.0791,0.00644051934853609,65139,128,115
304,126.8485,34.318,21,126.852,34.3126,0.00643506021727523,73949,145,221
305,126.92009,33.98622,35.38,126.914,33.9831,0.00684269683677578,61665,121,225
306,127.8011,34.43185,3.04,127.802,34.4368,0.00503115294937567,79126,155,278
308,126.0731,34.687,5.6,126.073,34.6867,0.000316227766013854,87726,172,174
310,129.265,37.3246,14,129.258,37.3212,0.00778203058331606,187749,367,357
311,128.0867,35.78919,595.71,128.095,35.7921,0.00879534535989666,129829,254,293
312,129.1414,36.393,264,129.143,36.3988,0.00601664358259621,153441,300,353
313,128.75139,34.89335,54.65,128.753,34.8951,0.00237794028520537,97102,190,334
314,127.74312,35.86621,1518.32,127.74,35.8678,0.00350178525898743,132368,259,272
315,127.51079,35.30673,1088.86,127.506,35.3073,0.00482379518636459,111363,218,259
316,126.99743,35.11437,911.82,126.997,35.1212,0.00684352248480312,104165,204,229
317,127.1142,35.7295,101.3,127.108,35.7254,0.00743303437365374,126699,248,235
318,128.6704,37.6434,770,128.663,37.6432,0.00740270220931855,198978,389,322
319,130.8708,37.53727,58.05,130.876,37.5328,0.00685717872014443,198081,387,449
320,128.31372,38.33101,1262.62,128.321,38.3305,0.00729784214683517,224045,438,301
321,128.19631,38.11468,253.72,128.189,38.1116,0.00793237038975407,215846,422,294
322,127.66984,38.21552,263.76,127.664,38.2185,0.00655637094740014,219400,429,264
323,127.553,38.27469,291.41,127.56,38.2756,0.00705890218093901,221442,433,258
324,128.0745,36.9101,141,128.079,36.91,0.00450111097397811,171298,335,290
325,128.0253,37.1445,230,128.018,37.1462,0.0074953318805642,179998,352,286
326,127.6112,37.5455,191.01,127.611,37.5408,0.00470425339453501,194310,380,262
327,127.51199,36.65026,127.48,127.52,36.6438,0.0102903692839486,161026,315,258
328,126.40608,33.24945,63.04,126.414,33.2479,0.00807024782766818,33987,67,195
329,126.56521,33.44711,374.66,126.563,33.4521,0.0054574902656765,41676,82,204
330,126.4501,33.2727,144,126.447,33.275,0.00386005181312544,35013,69,197
351,126.9789,37.8953,135,126.971,37.8951,0.00790253124004438,207073,405,225
352,126.9436,37.7156,163,126.951,37.7153,0.00740607858450419,200416,392,224
353,127.0683,37.8414,88,127.075,37.8386,0.0072615425358616,205031,401,231
354,127.06234,36.9652,37,127.061,36.9674,0.0025759658382779,172775,338,231
355,127.0364,37.1136,39,127.029,37.1198,0.0096540147089207,178405,349,229
356,127.0183,37.0481,32,127.01,37.0509,0.00875956619929658,175844,344,228
357,126.9817,37.0133,26,126.975,37.0098,0.00755910047559506,174306,341,226
358,126.9214,36.9672,35,126.922,36.9688,0.00170880074906368,172767,338,223
359,127.1592,37.8542,114,127.163,37.8515,0.00466154480831965,205548,402,236
360,127.2283,37.7861,119,127.232,37.7815,0.00590338885725218,202992,397,240
361,127.2447,38.0053,85,127.236,38.003,0.00899888882028355,211184,413,240
364,127.1189,37.3828,61,127.12,37.3815,0.00170293863659827,188138,368,234
365,126.8953,37.4089,42,126.894,37.4114,0.0028178005607193,189149,370,221
366,126.9753,37.355,114,126.98,37.3553,0.00470956473572653,187106,366,226
367,126.7844,37.4061,26,126.79,37.4123,0.00835463942968277,189143,370,215
368,127.1503,37.5992,49,127.159,37.6024,0.00926984358013002,196332,384,236
369,126.9169,37.3642,124,126.911,37.3698,0.00813449445263665,187614,367,222
370,127.25,37.1789,241,127.255,37.1725,0.00812157620169543,180466,353,242
371,127.1164,37.2772,121,127.118,37.2709,0.00650000000000207,184042,360,234
372,127.0267,37.8722,108,127.023,37.8669,0.00646374504448077,206052,403,228
373,127.0458,37.7706,163,127.039,37.7698,0.00684689710744846,202469,396,229
374,126.9706,37.0467,50.4,126.976,37.0512,0.00702922470831189,175842,344,226
375,126.9875,37.7919,150,126.987,37.798,0.00612045749924347,203490,398,226
400,127.04699,37.5134,59.24,127.052,37.5067,0.00836600860626274,192742,377,230
401,127.0258333,37.4844444,33.05,127.034,37.4792,0.00970560251865317,191717,375,229
402,127.14498,37.55551,56.21,127.141,37.5611,0.0068621060907017,194795,381,235
403,127.0967,37.51151,53.62,127.105,37.5062,0.00985322789750179,192745,377,233
404,126.84253,37.54992,80.4,126.844,37.5502,0.00149642908284726,194266,380,218
405,126.87819,37.52961,9.73,126.878,37.536,0.00639282410207277,193756,379,220
406,127.02946,37.59946,56.65,127.037,37.6037,0.00865038727457408,196325,384,229
407,127.09683,37.62101,52.05,127.089,37.617,0.00879710179547693,196840,385,232
408,127.06036,37.58463,53.96,127.054,37.5897,0.00813354166400132,195814,383,230
409,127.08682,37.5855,39.09,127.089,37.5893,0.00438091314681855,195816,383,232
410,126.91809,37.49371,36.44,126.913,37.4942,0.00511353106963271,192222,376,222
411,126.90277,37.55174,100.67,126.896,37.5497,0.00707067889244343,194269,380,221
412,126.94076,37.57046,103.08,126.949,37.5769,0.0104580686553529,195296,382,224
413,127.0875,37.531,28.63,127.088,37.534,0.00304138126514728,193768,379,232
414,126.99943,37.61172,128.62,127.002,37.6179,0.00669307851440298,196835,385,227
415,126.97609,37.52037,32.62,126.983,37.5212,0.00695966953238931,193250,378,226
416,126.30778,37.05417,57.92,126.3,37.0555,0.00789286386554069,175803,344,187
417,126.90015,37.46551,45,126.895,37.4667,0.00528569768337229,191197,374,221
418,126.93906,37.5249,10.66,126.931,37.5217,0.00867200092250942,193247,378,223
419,126.98736,37.55237,266.44,126.983,37.5489,0.00557229755127312,194274,380,226
421,127.03884,37.5472,34.73,127.036,37.5484,0.00308311530760117,194277,380,229
422,126.984,37.603,333.8,126.984,37.6043,0.00130000000000052,196322,384,226
423,126.8265,37.49418,56.08,126.826,37.495,0.000960416576282442,192217,376,217
424,127.02572,37.6397,57.29,127.02,37.6454,0.00807517182480812,197860,387,228
425,126.986,37.463,87.86,126.982,37.4659,0.00494064773081633,191202,374,226
430,127.0118333,37.27183333,103,127.014,37.272,0.00217310095919488,184036,360,228
431,127.0739444,37.74602778,67,127.074,37.7417,0.00432813713835105,201447,394,231
432,126.9204565,37.13107,29,126.925,37.1346,0.00575363296100443,178911,350,223
433,126.7665833,37.49758333,29,126.773,37.4954,0.00677797674670978,192214,376,214
434,126.9589167,37.39158333,96,126.964,37.3969,0.00735574053232199,188641,369,225
435,126.8211944,37.32430556,32,126.823,37.329,0.00502970757336891,186073,364,217
436,127.1892778,37.23138889,123,127.187,37.2286,0.00360087215436706,182510,357,238
437,126.8664722,37.47577778,68,126.86,37.4809,0.00825387851669918,191707,375,219
438,126.9374722,37.35872222,97,126.945,37.3556,0.00814960309268085,187104,366,224
439,127.0377778,37.20605556,66,127.03,37.2027,0.00847077067058312,181477,355,229
440,127.4423889,37.275,168,127.448,37.2805,0.00785712690555575,184573,361,253
441,126.7047222,37.64683333,32,126.705,37.6481,0.00129677512657162,197842,387,210
442,127.2878333,37.41605556,53,127.295,37.4209,0.0086504443702997,189684,371,244
443,127.2919444,37.01972222,90,127.287,37.0201,0.00495881125758934,174836,342,244
444,127.2155556,37.53591667,37,127.21,37.5326,0.00647031616298369,193775,379,239
445,126.9709444,37.34172222,94,126.963,37.3416,0.0079453400863898,186593,365,225
446,127.0657778,37.13738889,32,127.064,37.1332,0.0045505353830185,178919,350,231
447,127.6812778,37.32622222,72,127.676,37.3323,0.00804950821904031,186634,365,266
448,127.4451667,37.39877778,131,127.451,37.4049,0.00845629745327352,189181,370,253
449,127.4522222,37.50727778,44,127.453,37.5017,0.00563174951222502,192765,377,253
450,126.8333611,37.6555,50,126.828,37.661,0.00768058547312608,198361,388,217
451,127.1529722,37.61069444,34,127.159,37.6162,0.00816367342277399,196844,385,236
452,127.2285286,37.9312975,109,127.235,37.9337,0.00690297212872466,208624,408,240
453,126.8983333,37.44,37,126.894,37.4391,0.00442577551283174,190173,372,221
454,127.0696111,37.97125,91,127.078,37.9771,0.010227225587129,210151,411,231
455,127.512,37.82822222,92,127.514,37.833,0.00517949628133467,205056,401,256
456,127.0778056,38.09361111,82,127.08,38.0879,0.00611818345524807,214247,419,231
457,127.1941806,37.52202222,52,127.192,37.519,0.00372677207357805,193262,378,238
458,127.3057806,37.47469444,48,127.313,37.476,0.00733649938823346,191733,375,245
459,127.1967556,37.345475,89,127.189,37.3392,0.00997621954250128,186606,365,238
460,127.4039389,37.36640278,182,127.398,37.3642,0.00633425393700522,187642,367,250
461,127.3601111,37.24611111,88,127.361,37.2402,0.00597757180150157,183032,358,248
462,127.4823056,37.16913889,84,127.481,37.1694,0.0013314540142738,180479,353,255
463,127.5412417,37.3327,57,127.537,37.3345,0.00460782149067615,186626,365,258
464,127.6625722,37.20612778,86,127.655,37.2082,0.00785062472471821,182025,356,265
465,127.5451083,37.20171944,85,127.551,37.196,0.00821121932502578,181507,355,259
466,127.533325,37.39278889,60,127.538,37.3898,0.0055487916190832,188674,369,258
467,127.1944778,37.05979167,55,127.201,37.0626,0.00710111330910861,176367,345,239
468,127.2592222,36.94306944,63,127.268,36.9374,0.0104495130390721,171763,336,243
469,127.4770111,37.0906,95,127.479,37.0865,0.00455694230926962,177407,347,255
470,127.2633861,37.08270833,68,127.27,37.0755,0.00978282651378643,176883,346,243
471,127.0648972,37.06644167,74,127.062,37.0641,0.00372520955503689,176359,345,231
472,126.8534889,36.98447778,25,126.853,36.9832,0.00136811729702298,173275,339,219
473,127.1861361,37.84861389,130,127.181,37.8513,0.00579609438692208,205549,402,237
474,127.27225,38.08660556,148,127.273,38.0856,0.00125445243576656,214258,419,242
475,127.2511972,38.15774722,197,127.257,38.1551,0.00637810799285656,216817,424,241
476,127.2904314,37.90134222,151.84,127.287,37.9054,0.00531414005163646,207603,406,243
477,127.0439528,37.90553056,80,127.042,37.9082,0.0033074669693865,207589,406,229
478,127.0148889,38.05586111,36,127.009,38.0609,0.00775045518934663,213219,417,227
479,126.8863056,37.97905556,29,126.885,37.9789,0.00131483469439526,210140,411,220
480,126.9949444,38.04469444,35,126.991,38.0472,0.00467291368137024,212706,416,226
481,126.7160889,37.80241389,37,126.724,37.8002,0.00821503573590032,203475,398,211
482,126.8512417,37.77626667,53,126.847,37.7716,0.00630633235557421,202458,396,218
483,126.7870639,37.92596944,35,126.796,37.9243,0.00909070476495613,208087,407,215
484,127.3164778,37.64657222,128,127.317,37.642,0.00460194399883262,197877,387,245
485,127.4946917,37.67618889,83,127.492,37.6811,0.00560037948018856,199423,390,255
486,127.4143944,37.73474722,61,127.406,37.7377,0.00889858758952052,201466,394,250
487,126.5838672,37.646345,42,126.583,37.6489,0.00269815878702647,197835,387,203
488,126.7411667,37.21497222,43,126.735,37.2191,0.0074206978525142,181972,356,212
489,126.7109167,37.16375,25,126.717,37.1639,0.00608514904418965,179923,352,211
490,127.11,38.0244444,72,127.114,38.0182,0.00741569493439679,211689,414,233
491,127.0208333,38.0822222,39,127.027,38.0884,0.00872888318915826,214244,419,228
492,126.8575,37.4217,36.4,126.859,37.4255,0.00408533964315888,189659,371,219
494,127.2394,36.5288,107.8,127.242,36.5235,0.00590338885725712,156402,306,242
495,127.18868,36.96127,25.35,127.182,36.9661,0.00824325785111825,172782,338,238
496,127.2688,36.4585,30.3,127.275,36.454,0.00766093989012358,153844,301,244
497,128.85145,37.57516,658.15,128.852,37.5688,0.00638373714997135,196429,384,333
498,128.51447,37.87925,1015.08,128.515,37.8824,0.00319427613082916,207673,406,313
499,127.0191,38.13586,53.7,127.028,38.13,0.010655965465418,215780,422,228
500,126.4201,37.6317,29,126.425,37.6358,0.00638905313797999,197314,386,194
501,125.70228,37.66439,7.63,125.709,37.664,0.00673130745100946,198297,388,153
502,126.29163,37.78945,13.94,126.286,37.7886,0.00569380364957907,202938,397,186
503,126.7116,37.912,18.29,126.708,37.9111,0.00371079506306189,207570,406,210
504,127.1808,37.8704,105.14,127.181,37.8651,0.00530377224246847,206061,403,237
505,127.34543,37.82435,170.45,127.338,37.8217,0.00788843457220792,204534,400,246
506,126.777008,37.748292,12.88,126.776,37.7445,0.00392368806099259,201430,394,214
507,127.1433,38.025,76.06,127.149,38.0317,0.00879659024850424,212203,415,235
508,126.361,37.467,140.91,126.355,37.4701,0.006753517601963,191166,374,190
509,126.95014,37.45284,141.64,126.947,37.4524,0.00317067816090125,190688,373,224
510,126.90705,37.52706,24.41,126.913,37.5219,0.00787579202366002,193246,378,222
511,126.69047,37.55497,47.04,126.687,37.5514,0.00497853392074649,194257,380,209
512,126.66207,37.39684,8.13,126.668,37.3993,0.00642000778816292,188624,369,208
513,126.1447,36.2276,20.02,126.143,36.2276,0.00169999999999959,145074,284,178
514,126.58063,37.24551,10,126.579,37.2478,0.00281087175089794,182987,358,203
515,126.7737,37.0845,8,126.768,37.0806,0.00690651865993739,176854,346,214
516,127.25,37.0038,23.92,127.252,37.0067,0.00352278299076227,174322,341,242
517,128.4745,38.38537,4.51,128.482,38.3821,0.00818186409077426,226102,442,310
518,128.1211,38.26957,468.47,128.124,38.2654,0.00507926175737338,221474,433,290
519,127.5194,38.07545,297.73,127.52,38.0822,0.00677661419884895,214272,419,256
520,128.5177,38.1671,135,128.509,38.1735,0.0108004629530438,218424,427,312
521,128.60261,38.14377,13.39,128.596,38.1436,0.00661218572031473,217405,425,317
522,127.9838,37.7871,187,127.985,37.7833,0.00398497176903852,203547,398,283
523,128.8211,37.8983,10,128.814,37.9022,0.0081006172604395,208714,408,330
524,128.92306,37.78706,3.33,128.932,37.7881,0.00900028888424846,204625,400,337
525,128.3773,37.6123,552.11,128.382,37.6087,0.00592030404625654,197426,386,306
526,128.39461,37.37787,303.18,128.39,37.3732,0.00656208808232319,188723,369,307
527,128.6423,37.2115,392,128.645,37.2147,0.00418688428309421,183106,358,322
528,124.7207,37.9788,36,124.724,37.9748,0.00518555686499037,210017,411,97
529,129.2859,37.14156,40.66,129.284,37.1405,0.00217568380055878,181095,354,359
530,130.8118,37.515,178,130.805,37.5086,0.00933809402394133,197053,385,445
531,127.55022,37.88558,109.66,127.55,37.8879,0.00233040768965873,207106,405,258
532,127.075,37.735,89.49,127.074,37.7417,0.00677421582177881,201447,394,231
533,127.4361,37.3236,100.1,127.432,37.3222,0.00433243580448016,186108,364,252
534,127.6106,37.121,88.2,127.618,37.1258,0.00882043082846925,178951,350,263
535,128.1826,37.717,313.14,128.176,37.7102,0.00947628619239856,200998,393,294
536,127.97241,37.48761,110.52,127.976,37.4928,0.00631064180571846,192795,377,283
537,128.8459,37.4832,488,128.848,37.4858,0.00334215499342258,193357,378,333
538,127.10301,38.17254,82.25,127.099,38.1708,0.00437123552327531,217320,425,232
539,127.3658111,38.02410556,137.74,127.36,38.0291,0.0076624613619647,212215,415,247
540,126.8917,37.6343,44.71,126.897,37.6327,0.00553624421427272,197341,386,221
541,127.1493,37.6528,27.79,127.142,37.6579,0.00890505474435719,198379,388,235
542,127.38016,37.68412,41.96,127.388,37.6826,0.00798598772851695,199417,390,249
543,126.54958,37.49901,25.79,126.547,37.4969,0.0033329416436616,192201,376,201
544,126.6534,37.2006,10.96,126.648,37.2059,0.00756637297521582,181455,355,207
545,126.85528,37.28111,5.92,126.858,37.2873,0.00676124988445953,184539,361,219
546,127.2614,37.4325,122.61,127.26,37.4352,0.00304138126514821,190194,372,242
547,127.75488,37.41593,108.62,127.747,37.4141,0.00808970333201541,189710,371,270
548,127.63955,37.26883,118.56,127.639,37.2637,0.00515939918982982,184072,360,264
549,127.2217861,37.27010833,79.36,127.222,37.2697,0.000460962687096882,184048,360,240
550,127.0487,37.188,41.75,127.047,37.1887,0.00183847763108267,180966,354,230
551,127.11237,36.99223,36.49,127.113,36.9945,0.00235580134986258,173802,340,234
552,127.4245,38.27218,238.38,127.418,38.2777,0.00852762569534425,221434,433,250
553,128.42865,38.50375,21.47,128.434,38.5081,0.0068952882463276,230707,451,307
554,128.43712,38.21439,770.48,128.44,38.2168,0.0037553295461271,219956,430,308
555,127.7026,38.0964,113,127.696,38.0933,0.00729177618966049,214794,420,266
556,127.98526,38.09798,188.88,127.978,38.1021,0.00834757449802251,215322,421,282
557,128.3186,37.9526,336.51,128.325,37.9562,0.00734302390026418,210222,411,302
558,127.7007,37.68614,93.49,127.703,37.6916,0.00592466032781773,199947,391,267
559,128.3973,37.778,574.54,128.406,37.7742,0.00949368210970152,203571,398,307
560,128.5645,37.6479,540.68,128.558,37.6459,0.00680073525438452,198972,389,316
561,128.15275,37.5822,222.02,128.154,37.5861,0.00409542427594619,196389,384,293
562,128.2695,37.2754,283,128.265,37.2793,0.00595482997239029,185132,362,300
563,128.6829,37.4634,358,128.69,37.4625,0.00715681493404159,192324,376,324
565,126.7784,37.3916,7,126.772,37.3848,0.00933809402394133,188118,368,214
566,128.8192341,37.85154804,8.36,128.812,37.8469,0.0085986323709795,206666,404,330
567,126.9318,37.95332,71.25,126.937,37.9508,0.00577844269678315,209119,409,223
568,127.31345,37.95867,162,127.306,37.9605,0.00767146661337354,209652,410,244
569,127.1569,37.5823,27.15,127.158,37.5886,0.00639531078213222,195820,383,236
570,126.6424,37.6232,33.72,126.635,37.6209,0.00774919350641353,196814,385,206
571,126.82012,37.1956,45.39,126.822,37.1908,0.00515503637232177,180953,354,217
572,127.12472,37.42094,28.65,127.121,37.423,0.00425229349880864,189674,371,234
573,127.7139,37.5565,120,127.716,37.553,0.00408166632639316,194828,381,268
574,127.5901,37.3694,40,127.59,37.3752,0.00580086200491002,188165,368,261
575,127.188,37.106,48.1,127.184,37.1042,0.00438634243989791,177902,348,238
576,127.3686,37.12683,111.46,127.376,37.1294,0.00783357517357517,178937,350,249
577,126.33654,37.53411,11.41,126.338,37.5393,0.0053914469300896,193725,379,189
578,126.2664,36.3011,8.09,126.263,36.2963,0.00588217646793729,147641,289,185
579,128.9133,37.36685,609.21,128.913,37.3733,0.00645697297500936,189265,370,337
580,129.0288767,37.61345939,58.38,129.029,37.619,0.00554198178110173,198487,388,343
581,128.7742,37.1164,420,128.78,37.1142,0.00620322496770304,179530,351,330
582,128.0799,37.2314,328.01,128.072,37.2281,0.0085615419172087,183073,358,289
583,128.1551,37.4646,530,128.15,37.4616,0.00591692487699381,191781,375,293
585,128.08344,37.96599,236.41,128.079,37.9615,0.00631456253432243,210208,411,288
586,127.8769,38.03209,226,127.87,38.0348,0.00741310326381776,212756,416,276
587,127.9505,38.2262,280,127.946,38.2274,0.00465725240888615,219928,430,280
588,127.64622,37.79182,93.59,127.653,37.7893,0.00723317357735213,203528,398,264
589,126.7903,37.7024,59.07,126.793,37.7028,0.00272946881279646,199895,391,215
590,127.0024,37.4404,46.6,126.999,37.4381,0.00410487515035307,190179,372,227
591,128.05047,37.41553,268.45,128.044,37.4223,0.00936449678305076,190239,372,287
592,127.7487,37.2316,52,127.743,37.2344,0.00635059052372725,183054,358,270
593,128.5407,38.0074,146.05,128.538,38.0065,0.00284604989412693,212282,415,314
594,128.21,38.2533,316,128.212,38.2497,0.00411825205639072,220967,432,295
595,128.37401,38.26644,596.25,128.371,38.26,0.00710870593005486,221488,433,304
596,128.4932,38.07697,237.73,128.488,38.077,0.00520008653774353,214839,420,311
597,128.4411,37.54549,561.08,128.449,37.5517,0.0100485869653425,195382,382,310
598,126.99048,37.83118,87.76,126.988,37.8257,0.00601504779699133,204514,400,226
599,127.16977,37.76173,105.82,127.162,37.7685,0.0103056198260921,202476,396,236
600,127.5897,36.9737,132,127.597,36.9741,0.00731095069057439,173318,339,262
601,128.3669,36.98553,184.2,128.359,36.9867,0.00798616929445259,174386,341,306
602,127.4297,36.8539,90.45,127.421,36.8524,0.00882836338172783,168700,330,252
603,127.8,36.8,120.5,127.8,36.8049,0.00490000000000634,167186,327,274
604,127.59654,36.29995,117.84,127.597,36.2976,0.00239459808736034,148231,290,263
605,127.75981,36.16314,137.14,127.765,36.1569,0.00811626145463334,143121,280,273
606,126.388,37.011,16,126.387,37.0137,0.00287923600977668,174272,341,192
607,126.15,36.6667,9.7,126.144,36.6691,0.00646219776856218,161458,316,178
608,126.6453,36.6276,83,126.642,36.6257,0.00380788655294025,159951,313,207
609,126.356367,36.337878,36.1,126.348,36.3374,0.00838064275578648,149182,292,190
610,126.64439,36.59263,16.88,126.642,36.5981,0.00596933832179528,158927,311,207
611,127.2797,36.5665,28.1,127.278,36.5644,0.00270185121721996,157940,309,244
612,127.1379,36.4881,28.8,127.139,36.4833,0.00492442890089963,154860,303,236
614,126.7043,36.0622,8,126.705,36.0598,0.00249999999999318,138963,272,211
615,127.1083,36.2116,11.5,127.1,36.2078,0.00912852671574545,144618,283,234
616,126.618,36.889,50,126.61,36.8883,0.00803056660516129,169677,332,205
617,127.15609,36.87817,41.38,127.163,36.8834,0.00866608331369586,169709,332,237
618,126.77905,36.42371,98.12,126.777,36.4178,0.00625544562761029,152279,298,215
619,127.68454,36.94441,161.02,127.683,36.9451,0.00168751296290485,172299,337,267
620,127.9035,37.0737,63.53,127.912,37.0792,0.0101242283656673,177432,347,280
621,128.2142,36.9732,147.26,128.22,36.9761,0.0064845971347454,173866,340,298
622,128.00794,36.83909,232.11,128.008,36.8424,0.00331054376198169,168734,330,286
623,127.56199,36.7956,74.72,127.558,36.7952,0.00400999999998747,166660,326,260
624,127.6588,36.6294,244,127.657,36.6278,0.00240831891575816,160522,314,266
625,127.81669,36.51723,324.91,127.809,36.5148,0.00806480005951375,156435,306,275
626,127.81559,36.37085,122.63,127.822,36.3765,0.00854462404088463,151316,296,276
627,126.29643,36.75853,40.89,126.299,36.7654,0.00733497102925563,165051,323,187
628,126.8144,36.7422,38.74,126.816,36.7487,0.00669402718847347,164569,322,217
629,127.2005,36.6908,84.49,127.194,36.6897,0.00659241988954255,162543,318,239
630,127.78696,37.04198,116.55,127.789,37.04,0.00284288585772371,175889,344,273
631,126.61752,37.34782,9.74,126.615,37.3444,0.00424815253963529,186573,365,205
632,126.9495,36.537778,58.83,126.951,36.5405,0.00310793886683297,156897,307,225
633,127.0939,36.5511,72.5,127.088,36.5529,0.00616846820532794,157417,308,233
634,126.8654,36.8458,27.5,126.869,36.845,0.00368781778292243,168156,329,220
635,126.8603,36.1319,10.7,126.859,36.1275,0.00458802789878573,141532,277,220
636,127.24067,36.31353,131.9,127.238,36.3165,0.00399372007030523,148722,291,242
637,126.8054,36.894,22,126.801,36.9008,0.00809938269252741,170200,333,216
638,128.4847,37.0847,175,128.483,37.0805,0.00453100430368104,177977,348,313
639,128.1457,36.9041,282,128.148,36.9086,0.00505371150739341,171302,335,294
640,127.8617,36.6711,225.09,127.865,36.6656,0.00641404708433194,162070,317,278
641,127.48,36.47,88.2,127.481,36.465,0.00509901951358648,154368,302,256
642,127.40608,36.3105,77.27,127.41,36.3143,0.00545952378875588,148732,291,252
643,127.49378,36.34019,91.75,127.496,36.3406,0.00225754291210061,149761,293,257
644,127.0901,36.1366,24.1,127.098,36.1389,0.00822800097228174,142058,278,234
645,126.5109,36.579,20.5,126.504,36.5851,0.0092097774131615,158407,310,199
646,126.5293,36.1741,9.5,126.535,36.1711,0.00644127316606661,143049,280,201
647,127.69239,36.12504,120.45,127.696,36.1305,0.00654550991137859,142093,278,269
648,127.44404,36.42095,83.91,127.446,36.4241,0.00371000000000266,152830,299,254
649,126.7507,37.4722,25.91,126.755,37.4679,0.00608111831820521,191189,374,213
650,127.2772,38.2726,230,127.277,38.2657,0.00690289794216329,220914,432,242
651,127.2056,38.27719,216.03,127.207,38.2804,0.00350201370642507,221422,433,238
652,127.07807,38.02648,51.9,127.079,38.0325,0.00609141198737925,212199,415,231
654,126.3079,37.25424,10.46,126.301,37.249,0.00866415604661119,182971,358,187
655,124.72912,37.76025,83,124.728,37.7671,0.00694095814711491,202337,396,97
656,126.19223,37.67091,14.75,126.198,37.6642,0.00884968926007892,198325,388,181
657,126.50168,36.32448,24,126.502,36.323,0.00151419945846105,148679,291,199
658,126.12143,36.7683,69.6,126.127,36.7658,0.00610531735456323,165041,323,177
659,127.20574,36.34299,831.67,127.205,36.3445,0.0016815766411316,149744,293,240
660,128.3776,37.562,533.47,128.38,37.5672,0.0057271284253101,195890,383,306
661,128.4027,38.5441,5,128.4,38.5505,0.00694622199472595,232241,454,305
662,126.29695,37.17066,13.27,126.301,37.1661,0.00609886054931853,179899,352,187
663,125.7869,36.92863,62.53,125.781,36.9314,0.0065178907631191,171165,335,157
664,126.45835,37.22474167,17.72,126.457,37.2208,0.00416644481409887,181956,356,196
665,126.4252,37.39044,22.85,126.424,37.3868,0.00383270139718357,188098,368,194
666,126.16835,36.95872,26.52,126.162,36.9591,0.00636135991749955,172211,337,179
667,126.00929,36.64759,58.91,126.006,36.6416,0.0068340471171921,160426,314,170
669,126.08165,36.22893,20.54,126.074,36.2277,0.00774825141564023,145070,284,174
670,128.62966,38.08724,4.31,128.629,38.0873,0.000662721661041528,215359,421,319
671,128.5936,38.1909,3,128.598,38.1852,0.00720069441095822,218941,428,317
672,126.48834,35.44236,10.76,126.496,35.4414,0.00771992227940274,115911,227,199
673,128.71748,35.28222,20.56,128.719,35.2811,0.00188806779539253,111435,218,331
674,128.8214,37.2197,821,128.819,37.2238,0.00475078940809423,183628,359,332
675,127.5277,37.78978,51.51,127.53,37.7912,0.0027030353308888,203521,398,257
676,127.4297,36.9906,161,127.424,36.9906,0.00569999999999027,173820,340,252
680,127.8446639,38.21277778,230.65,127.84,38.2155,0.00540022637843524,219410,429,274
681,127.81167,38.24378,210.81,127.806,38.2438,0.00567003527326805,220432,431,272
682,127.8647,38.2806,1062,127.86,38.2845,0.00610737259384176,221971,434,275
693,127.4401,36.7232,140.27,127.436,36.7279,0.0062369864518009,164093,321,253
684,127.7763,37.95461,143,127.78,37.9533,0.00392506050908418,209679,410,271
685,126.4893,33.2613,22,126.496,33.2611,0.00670298440994259,34504,68,200
686,128.1547,35.2439,31.3,128.161,35.24,0.00740945342114283,109354,214,298
688,126.939,35.269,98.86,126.932,35.2731,0.00811233628493544,109793,215,225
690,127.14,35.34,21.87,127.136,35.3398,0.00400499687890537,112365,220,237
691,126.9586,36.3824,33.24,126.966,36.3885,0.00959009906100522,151266,296,226
692,126.9177778,38.02638889,66,126.92,38.0202,0.00657575336156164,211678,414,222
694,126.60936,36.70435,674.9,126.609,36.7088,0.00446453805001001,163021,319,205
695,127.43198,38.11619,1050.1,127.432,38.1112,0.00499004008000587,215291,421,251
696,129.0861,37.3466,81.79,129.085,37.3405,0.00619838688692458,188251,368,347
697,125.9183,34.2511,1.1,125.923,34.2478,0.00574282160614595,71333,140,165
698,126.2851,35.09384,25.12,126.291,35.0984,0.00745678214781311,103099,202,187
699,126.4612,34.9838,37.85,126.459,34.9878,0.00456508488420434,99013,194,197
700,125.96818,36.12509,52.32,125.972,36.1312,0.00720586566624176,141480,277,168
701,127.67191,36.00398,205.78,127.675,36.0068,0.00418335989367406,137484,269,268
702,126.9944,35.94505,14.54,126.993,35.9471,0.00248243831746097,134884,264,228
703,127.4375,35.7619,352.2,127.432,35.7626,0.00554436651024974,128254,251,254
704,126.4775,35.6209,4.61,126.48,35.6204,0.00254950975679463,122566,240,198
706,126.9727,35.3102,35.3,126.967,35.3141,0.00690651865993739,111331,218,227
707,126.2084,35.058,35.08,126.207,35.0574,0.00152315462117576,101558,199,182
708,126.74525,35.12886,30.35,126.745,35.1235,0.00536582705647794,104150,204,214
709,127.4618,35.1974,30,127.47,35.1978,0.00820975030071167,107265,210,257
710,126.744,35.025,5.8,126.744,35.0273,0.00229999999999819,100566,197,214
711,126.9886,34.9297,52.21,126.994,34.9289,0.00545893762557678,96997,190,229
712,127.5101,34.9442,9.47,127.514,34.9497,0.00674240313241417,98052,192,260
713,127.5826,34.9751,10.87,127.582,34.9761,0.00116619037897609,99080,194,264
714,126.0287,34.8791,4.3,126.023,34.879,0.00570087712550023,94891,186,171
716,126.032,34.6307,5.12,126.039,34.6318,0.00708590149522785,85676,168,172
717,126.3096,34.4274,12,126.305,34.4256,0.00493963561408649,78012,153,188
718,126.0361,34.3328,7,126.039,34.33,0.00403112887414737,74412,146,172
719,126.39771,35.81181,11.45,126.397,35.8135,0.00183308483163901,129729,254,193
720,126.5499,34.1549,27.12,126.552,34.1503,0.00505667875191027,67787,133,203
721,127.0282,34.3391,1.38,127.035,34.3382,0.00685930025585558,74984,147,232
722,126.92875,35.13684,107.94,126.93,35.1356,0.00176071008403985,104673,205,225
723,127.30898,34.02792,9.24,127.312,34.0333,0.00616966773820944,63737,125,249
724,126.3013861,33.95770833,8.1,126.303,33.9596,0.00248658170967323,60604,119,188
725,126.954175,33.52288889,9.23,126.957,33.5174,0.0061732113548764,44260,87,228
726,126.2680022,33.12197417,11.58,126.267,33.1255,0.0036654988785854,29370,58,186
727,126.39293,33.40986,422.86,126.399,33.4119,0.00640363178203832,40130,79,194
730,126.761,35.2794,38.2,126.764,35.2746,0.00566038867923659,109783,215,215
731,126.6864,34.81668,2.2,126.692,34.8216,0.00745428735694022,92883,182,211
732,127.0922,34.762,146.32,127.092,34.763,0.00101980390271757,90859,178,235
733,126.8919,36.0459,49.12,126.892,36.0445,0.00140356688476488,138462,271,222
734,127.2457417,35.98552222,64,127.249,35.9855,0.0032583757638419,136435,267,243
735,127.77305,35.89424,658,127.775,35.8948,0.00202881738952103,133394,261,274
736,126.784,35.8468,6,126.788,35.8525,0.00696347614341397,131288,257,216
737,126.8778,35.8092,51.44,126.872,35.8104,0.00592283715797893,129757,254,221
738,126.7108,35.6094,19.85,126.717,35.6052,0.00748865809073204,122068,239,212
739,126.5467,35.5225,9,126.547,35.5237,0.00123693168768155,118986,233,202
741,126.9843,35.0568,93.91,126.98,35.0527,0.0059413803110064,101604,199,228
742,126.3306,34.9389,10.9,126.324,34.9334,0.0085912746435005,96957,190,189
743,126.94684,34.77269,8.2,126.942,34.7783,0.00740929821238579,91362,179,226
744,126.4364,34.6725,1,126.44,34.672,0.00363455636906927,87236,171,196
745,126.7048,34.6998,80,126.707,34.6979,0.00290688837074454,88276,173,212
746,126.5159,34.382,9,126.521,34.3835,0.00531601354399964,76489,150,201
747,126.8585,34.1834,26,126.851,34.1892,0.00948103369892328,69341,136,221
748,127.363,34.837,1.6,127.361,34.842,0.00538516480712855,93947,184,251
749,127.1272,34.5348,29.3,127.122,34.5293,0.00756901578806637,82157,161,237
750,127.62556,34.6308,34.87,127.624,34.632,0.00196814633601935,86283,169,267
751,126.70889,33.48222,251.09,126.711,33.4785,0.00427673941221782,42709,84,213
752,126.306,33.3046,187,126.3,33.3029,0.00623618473106765,36028,71,188
753,126.496,33.3931,965.2,126.497,33.3978,0.00480520551069429,39624,78,200
754,126.5264,35.0602,11,126.526,35.0562,0.00401995024845313,101577,199,201
755,127.0853,35.1594,190.4,127.082,35.1616,0.00396610640301987,105706,207,234
756,126.2819,35.6015,6.26,126.277,35.6074,0.0076694197955182,122042,239,186
757,127.436,35.9744,266.63,127.436,35.9692,0.00520000000000209,135934,266,254
758,127.57117,35.83521,320.16,127.569,35.8294,0.0062020158013286,130822,256,262
759,127.57825,35.37162,480.56,127.575,35.375,0.00468901908718251,113927,223,263
760,126.9327,35.4274,286.25,126.934,35.4244,0.00326955654485468,115425,226,225
761,126.9346,35.6508,13.53,126.938,35.6446,0.00707106781186487,123617,242,225
762,127.1261,35.5198,169.02,127.122,35.5188,0.00422018956919545,119020,233,236
763,127.06196,36.05923,38,127.063,36.0566,0.00282816194727028,138984,272,232
764,127.1414,35.6736,218.9,127.141,35.67,0.00362215405525359,124653,244,237
765,127.1345,34.8924,116.35,127.128,34.8862,0.00898276126811968,95469,187,237
766,127.715,34.8495,67.45,127.713,34.8502,0.00211896201005136,94480,185,272
767,127.3975,34.5886,12,127.39,34.5945,0.00954253635046056,84733,166,253
768,127.289,35.289,100,127.286,35.2829,0.00679779375974617,110326,216,246
769,126.3834,35.1993,3.25,126.376,35.1943,0.00893084542469947,106688,209,192
770,126.8278,34.9474,73.27,126.827,34.9442,0.00329848450049333,97499,191,219
771,126.1446,34.7269,3.61,126.139,34.7278,0.00567186036499627,89266,175,178
772,126.2394,34.5319,1,126.239,34.5355,0.00362215405525359,82104,161,184
773,126.636,34.7086,99.07,126.64,34.7121,0.00531507290637265,88784,174,208
774,126.4662,34.8175,10.76,126.474,34.8229,0.0094868329805046,92870,182,198
775,126.6447,35.1775,35.38,126.645,35.1792,0.00172626765016206,106192,208,208
776,126.5531,34.4667,22.1,126.555,34.4656,0.0021954498400159,79563,156,203
777,126.9347,34.5564,37.1,126.939,34.5587,0.00487647413608517,83170,163,226
778,126.82181,34.79595,94,126.825,34.7931,0.00427768629050742,91867,180,219
779,126.2582169,33.39255778,38.79,126.251,33.3988,0.00954195766802038,39609,78,185
780,126.7043,33.2771,26.45,126.708,33.2735,0.00516236379965159,35029,69,213
781,126.8777,33.5199,18,126.875,33.5181,0.00324499614792284,44255,87,223
782,126.6195,33.3852,760.28,126.611,33.3835,0.00866833317310565,39119,77,207
783,126.84076,35.23026,32.37,126.848,35.2326,0.00760875811153997,108252,212,220
784,126.6126,34.8771,20.2,126.609,34.8771,0.00360000000000582,94926,186,206
785,126.6827,34.4731,22,126.688,34.4785,0.00756637297521066,80083,157,211
786,127.72,34.62,10.7,127.724,34.6166,0.00524976189936587,85777,168,273
787,127.33245,34.45223,10.8,127.337,34.458,0.00734815623133187,79610,156,250
788,126.8813235,35.13158972,62.7,126.88,35.1361,0.00470045507673221,104670,205,222
789,126.2933,34.8764,12,126.29,34.8786,0.00396610640300804,94907,186,187
790,127.4674,34.5326,136,127.472,34.5384,0.007402702209327,82690,162,258
791,127.58379,35.2662,413.25,127.589,35.2647,0.00542163259545084,109832,215,264
792,126.81682,33.3536,77.2,126.824,33.3545,0.00723618684113909,38108,75,220
793,126.2262089,33.2410325,2.64,126.234,33.2348,0.00997723886954224,33464,66,184
794,127.4273381,35.10069806,75.99,127.434,35.1021,0.0068078151688753,103679,203,255
795,127.139,35.2753,87.6,127.134,35.271,0.00659469483751599,109805,215,237
796,127.24476,34.23775,38,127.249,34.2397,0.00466691546955454,71413,140,245
797,125.29953,34.39498,35.63,125.308,34.3961,0.00854372869419701,76928,151,128
798,125.1833,34.6667,22,125.188,34.6696,0.00552268050859543,87161,171,121
799,126.13762,35.20218,12.02,126.14,35.2087,0.00694080686952425,107186,210,178
800,129.431,36.6667,10,129.432,36.6655,0.00156204993516404,163697,320,369
801,129.088,36.625,215,129.085,36.6215,0.00460977222863917,161629,316,349
802,129.3401,36.7574,141.2,129.333,36.7517,0.00910494371207688,166763,326,363
803,128.8115,36.394,215,128.817,36.3947,0.00554436651026384,152910,299,334
804,129.3392194,36.19056111,37.23,129.338,36.1854,0.00530320589757271,145773,285,365
805,129.094343,36.179279,227.04,129.098,36.1793,0.00365706029483098,145247,284,351
806,128.29031,36.23337,41.05,128.297,36.2287,0.00815873764744681,146224,286,304
807,128.6931,36.1794,113.2,128.688,36.1775,0.00544242592967366,144711,283,327
808,129.5667,36.0759,11,129.571,36.0806,0.00637024332345341,142203,278,379
809,127.9791944,35.93543611,205.1,127.98,35.9322,0.00333487620341222,134942,264,286
810,128.2978,35.9253,36.6,128.303,35.9252,0.00520096144958049,134961,264,305
811,129.2093,35.863,33.58,129.202,35.8588,0.00842199501307118,133478,261,358
812,128.28214,35.69604,41.45,128.278,35.6916,0.00607068365178726,126256,247,304
813,128.73183,35.65405,76.29,128.734,35.6524,0.00272605942708924,125259,245,331
814,128.6611,36.9792,300,128.653,36.9794,0.00810246875959494,174403,341,323
815,128.4644,36.66002,102.13,128.467,36.6663,0.00679694048818764,162617,318,313
816,129.5475,35.9831,42.37,129.549,35.9849,0.00234307490276972,138618,271,378
817,129.2214,36.7827,390,129.214,36.7833,0.00742428447729801,167780,328,356
818,128.1476,36.7074,230,128.141,36.7015,0.00885268320907449,163622,320,294
819,128.8864,36.6589,207,128.88,36.6553,0.00734302390028895,162641,318,337
820,128.5267,36.5481,77,128.532,36.5542,0.008080841540341,158525,310,317
821,128.0739,36.2819,94,128.076,36.275,0.00721248916809987,147747,289,291
822,128.10164,36.08128,83.32,128.104,36.0813,0.00236008474425131,140581,275,293
823,128.55577,36.24934,82.41,128.554,36.25,0.00188904737896674,147263,288,319
824,128.5001,36.09561,116,128.497,36.0998,0.00521211089674267,141628,277,316
825,128.3835,36.0368,29.43,128.375,36.0338,0.00901387818865808,139061,272,309
826,128.7923,36.0441,126.24,128.785,36.0507,0.00984123975930894,140109,274,333
827,128.7428,35.8242,63,128.741,35.8176,0.00684105255058699,131403,257,331
828,128.4233,35.6906,24.2,128.43,35.6879,0.00722357252334031,126265,247,313
829,129.3182,35.7121,73,129.314,35.7173,0.0066843099868273,128365,251,365
830,129.1994,36.0682,45,129.195,36.0659,0.00496487663492523,141157,276,357
831,128.9976,37.0401,674,129.001,37.0387,0.00367695526217075,176983,346,343
832,128.4397,36.3869,61,128.44,36.3909,0.00401123422403194,152376,298,312
833,128.0418583,36.53821389,176,128.05,36.5377,0.00815790180268588,157473,308,289
834,127.9344,36.4412,285.6,127.927,36.4436,0.00777946013550151,153882,301,282
835,128.75347,36.87013,301.45,128.751,36.8662,0.00464174536138865,170313,333,329
836,128.8988,36.2803,323.01,128.898,36.282,0.00187882942280443,148819,291,339
837,128.6429,36.8268,188.82,128.646,36.8275,0.00317804971640405,168771,330,323
838,128.2707,36.7905,450,128.265,36.7954,0.00751664818920013,167213,327,301
839,128.8956,36.4583,130,128.889,36.4617,0.0074242844773005,155474,304,338
840,128.8144,35.9125,71,128.813,35.912,0.00148660687474966,134991,264,335
841,128.9111,36.0849,136.5,128.906,36.0886,0.00630079360080955,141652,277,340
842,129.0109,35.7575,170.1,129.01,35.7546,0.00303644529013516,129371,253,347
843,129.2501,36.9359,226,129.256,36.9339,0.00622976725086458,173414,339,358
844,129.3585,36.4354,23,129.351,36.4334,0.00776208734812405,154989,303,365
845,128.5907,35.9084,28.05,128.592,35.9043,0.00430116263352682,134466,263,322
846,128.531,35.865,79.1,128.539,35.8643,0.00803056660514713,132927,260,319
847,128.46648,36.27626,68.29,128.47,36.2798,0.00499219390649735,148282,290,314
848,128.8953,35.6791,102.9,128.888,35.6756,0.00809567785918951,126292,247,340
849,128.3870472,36.54678889,80,128.394,36.5438,0.0075680176580156,158005,309,309
850,129.4906,35.7846,2.7,129.487,35.7803,0.00560802995712821,130935,256,375
851,129.35206,37.05136,75.15,129.349,37.0553,0.00498870724737689,178027,348,363
852,129.42575,37.06063,40.95,129.419,37.0668,0.00914502050296941,178543,349,367
853,128.62147,36.01816,571.61,128.613,36.014,0.00943644530529342,138563,271,323
854,129.1337,35.4954,160,129.133,35.489,0.00643816744112668,119651,234,355
855,126.2683325,33.17331694,4.25,126.267,33.1801,0.0069127027430419,31418,62,186
856,127.5981,35.1018,514.84,127.602,35.0995,0.00452769256906914,103689,203,265
857,126.7173,34.3,4.43,126.719,34.3,0.00169999999999959,73429,144,213
858,126.17,34.4296,37.5,126.172,34.4259,0.00420594816896219,78004,153,180
859,129.36576,35.76128,341.41,129.367,35.7569,0.00455214235277944,129904,254,368
860,128.61903,35.88515,64.08,128.625,35.8896,0.00744603250059223,133956,262,324
861,126.7794556,33.56154722,34,126.777,33.56,0.00290238885892639,45785,90,217
862,126.7692278,33.52806944,194,126.777,33.5327,0.00904705359515665,44761,88,217
863,126.4316472,33.47688333,86.2,126.432,33.4801,0.00323595947578215,42692,84,196
864,127.15496,35.8215,53.4,127.161,35.8212,0.00604744574179762,130286,255,238
865,126.5192,33.46133333,233.9,126.514,33.4661,0.00705415784405729,42185,83,201
866,126.5977722,33.43020278,618.3,126.595,33.4246,0.0062510988288794,40654,80,206
867,126.5304889,33.37691111,1528,126.529,33.3703,0.00677669525964642,38602,76,202
868,126.4980111,33.37598889,1434,126.497,33.3705,0.00558123970477207,38600,76,200
869,126.4964028,33.34831667,1260.2,126.496,33.3431,0.00523219779145754,37576,74,200
870,126.55572,33.36978,1489.37,126.562,33.3701,0.00628814758096926,38604,76,204
871,126.51804,33.36239,1668.26,126.513,33.3567,0.00760116438448438,38089,75,201
872,127.75629,35.31913,864.74,127.759,35.3168,0.00357393340732122,111890,219,274
873,127.97023,37.2557,898.26,127.969,37.2578,0.00243370088549122,184091,360,283
874,127.2053,38.221,206.65,127.206,38.225,0.00406078810085576,219374,429,238
875,128.46057,38.12106,1595.71,128.454,38.1194,0.00677646663090506,216373,423,309
876,129.1682,37.4534,67.63,129.16,37.4489,0.00935360892919256,192351,376,351
877,127.8048,37.3134,85,127.797,37.3164,0.00835703296631344,186129,364,273
878,129.09608,37.22379,814.21,129.097,37.2294,0.00568493623534893,184156,360,348
879,128.6797,37.6605,851,128.681,37.6565,0.00420594816896506,199491,390,323
880,126.3237361,33.33279167,337.7,126.316,33.3302,0.00815867615480254,37053,73,189
881,126.52954,35.73016,9.56,126.532,35.7302,0.00246032518175885,126665,248,201
882,126.6042,35.25177,107.74,126.612,35.2481,0.00862026101691964,108750,213,206
883,126.3469889,33.31553889,435,126.349,33.3164,0.00218770053757852,36543,72,191
884,126.5176,33.2593,177.6,126.512,33.261,0.0058523499553608,34505,68,201
885,126.6784,33.33147,244.4,126.676,33.3284,0.00389678072259389,37075,73,211
886,126.5911,35.9504,10,126.585,35.9503,0.00610081961707146,134860,264,204
887,127.2902,36.5031,33.1,127.294,36.509,0.00701783442380555,155893,305,245
888,127.4911,36.4629,92,127.499,36.4647,0.00810246875957495,154369,302,257
889,126.9765,37.5004,16.23,126.982,37.4936,0.00874585616163186,192226,376,226
890,126.6358444,33.31450278,302,126.643,33.3149,0.00716661671142425,36561,72,209
891,126.4223444,33.29127778,425,126.414,33.2889,0.00867656896984011,35523,70,195
900,129.1433,35.6202,123,129.14,35.6266,0.00720069441097469,124771,244,355
901,129.4356,35.4865,83,129.438,35.4926,0.00655515064663021,120181,235,373
902,127.8187,35.2424,186,127.824,35.2468,0.00688839603970903,109334,214,278
903,128.51486,35.40387,13.66,128.521,35.4103,0.00889069738546265,116031,227,319
904,128.9675,35.137,4.28,128.965,35.1364,0.00257099202643395,106330,208,346
905,129.0429,35.4414,84.01,129.046,35.4367,0.00563027530409752,117598,230,350
906,127.6428,35.2322,91,127.639,35.2364,0.00566392090340462,108811,213,267
907,128.05971,34.92895,23.18,128.067,34.9258,0.0079414482306541,97573,191,293
908,128.7537,35.1122,10,128.762,35.1148,0.00869770084561784,105294,206,334
909,128.73823,34.78774,111.46,128.732,34.7858,0.00652506704945174,93005,182,333
910,129.0742,35.06608,137.94,129.079,35.0641,0.00519234051273123,103777,203,353
911,128.5772,34.6489,69,128.576,34.6527,0.0039849717690428,87876,172,324
912,127.77834,35.52627,139.44,127.781,35.5228,0.00437224198781722,119571,234,275
913,127.98535,34.72379,19.65,127.977,34.7216,0.00863241565263614,89888,176,288
914,127.7322,35.6376,352.12,127.734,35.6338,0.00420475920831931,123664,242,272
915,128.1028167,35.41419444,86.9,128.099,35.4202,0.00711575363568057,116006,227,294
916,127.96692,35.3111,56.16,127.961,35.313,0.00621742712060505,111902,219,286
917,128.06768,35.03695,23.51,128.07,35.0357,0.00263531781764273,101669,199,293
918,128.3309,34.9905,11,128.337,34.9884,0.00645135644649177,100149,196,309
919,128.47588,35.55217,24.3,128.476,35.5491,0.00307234438173277,121148,237,316
920,128.3992,35.2963,10,128.399,35.2895,0.00680294054068364,111416,218,312
921,128.8314,34.9931,73.26,128.824,34.9893,0.00831865373722435,100690,197,338
922,128.9294,35.4864,138.45,128.93,35.4815,0.00493659801888771,119127,233,343
923,129.2511,35.275,65,129.258,35.2785,0.00773692445355651,111979,219,363
924,129.36029,35.35867,23.97,129.363,35.3575,0.00295177912453298,115057,225,369
925,128.823,35.3744,12.43,128.824,35.3745,0.00100498756211646,115025,225,337
926,128.4747222,35.12611111,14.8,128.477,35.1225,0.00426948337296986,105277,206,317
927,128.8838,35.5823,127,128.883,35.5793,0.00310483493924477,122708,240,340
929,128.3069,35.1136,74.1,128.308,35.1129,0.0013038404810206,104755,205,307
930,128.2375,34.8101,6,128.231,34.8123,0.00686221538573568,93487,183,303
931,128.2759,34.6192,73.47,128.274,34.619,0.00191049731746043,86322,169,306
932,127.7664,35.0603,8,127.769,35.0554,0.00554707129934328,102163,200,275
933,127.8324,34.9966,43,127.834,34.9992,0.00305286750449369,100119,196,279
934,127.9284,35.2217,132,127.925,35.2174,0.00548178802946629,108316,212,284
935,128.34113,35.5698,22.15,128.341,35.5662,0.0036023464575172,121652,238,308
936,128.20227,35.33264,61.9,128.198,35.3355,0.00513930929210873,112940,221,300
937,129.16236,35.1761,62.98,129.168,35.1713,0.00740605157961763,107878,211,358
938,129.0192,35.1589,114,129.017,35.1624,0.00413400532172359,107357,210,349
939,129.1035,35.2932,53.11,129.107,35.2971,0.0052402290026324,112482,220,354
940,129.0901,35.20919,70.07,129.086,35.2152,0.00727530755363591,109409,214,353
941,129.0026,35.213,5.52,129.002,35.2178,0.00483735464897402,109404,214,348
942,129.10445,35.13501,14.86,129.099,35.1323,0.00608659182139484,106338,208,354
943,129.3753,35.66722,469,129.38,35.6737,0.0080050234228149,126833,248,369
944,128.5706,35.3853,23,128.571,35.3815,0.00382099463490523,115010,225,322
945,127.99,35.5345,226.87,127.985,35.5327,0.00531413210223128,120095,235,287
946,127.8183,35.7798,324.91,127.823,35.7837,0.00610737259384176,129301,253,277
947,128.5908,34.722,30.51,128.595,34.7208,0.00436806593356691,90437,177,325
948,127.8358,35.3106,139.4,127.843,35.3153,0.00859825563704408,111895,219,279
949,129.441,35.6375,8,129.446,35.6439,0.00812157620169543,125813,246,373
950,128.9838,35.0901,127,128.98,35.0947,0.00596657355608115,104795,205,347
951,126.90733,35.50866,107.77,126.902,35.5073,0.00550077267299813,118495,232,223
953,128.6796,34.9985,30.87,128.673,34.9936,0.00822009732301773,100681,197,329
954,129.3601,35.431,59.44,129.367,35.4262,0.00840535543567219,117617,230,369
955,126.3933333,37.325,18,126.389,37.3317,0.00797919099219493,186048,364,192
956,125.9763889,36.76972222,16,125.972,36.7659,0.00581994922129514,165032,323,168
957,126.225,35.98666667,95,126.227,35.9931,0.0067370419984545,136375,267,183
958,126.245,35.61333333,15,126.243,35.6075,0.00616666351351815,122040,239,184
959,126.0266667,34.26333333,12,126.022,34.2615,0.00501389945839826,71851,141,171
960,126.6541667,33.22555556,18,126.659,33.2192,0.00798460592662907,32978,65,210
961,127.95,34.33,27,127.948,34.3242,0.00613514466007496,75039,147,287
962,129.1358,35.1317,12,129.133,35.1312,0.00284429253064558,106340,208,356
963,129.475,35.5667,16,129.475,35.5602,0.00649999999999551,122743,240,375
966,126.3856,37.1161,38,126.387,37.1105,0.00577234787586678,177856,348,192
967,126.6128,37.1189,70,126.613,37.1232,0.00430464865000712,178381,349,205
968,129.045,35.081,78.58,129.046,35.0789,0.00232594066992986,104287,204,351
969,129.127,35.091,37.72,129.131,35.09,0.00412310562560805,104804,205,356
970,127.2502,38.2014,181,127.258,38.1967,0.00910659101968593,218353,427,241
971,126.9875,37.2695,34.15,126.996,37.2722,0.00891852005659854,184035,360,227
972,128.683,36.5499,89,128.686,36.5502,0.0030149626863501,158534,310,326
973,127.2412,35.0719,74.38,127.249,35.0771,0.00937443331619832,102644,201,244
977,127.4428019,36.63633222,56.36,127.451,36.6311,0.00972548043739487,160510,314,254
978,127.7378408,37.90261444,76.8,127.743,37.8986,0.00653705385885197,207629,406,269
979,126.4959,36.7737,25.93,126.489,36.7785,0.00840535543567625,165574,324,198
